id,score,spectrum,peptide,protein,ions,xcorr,deltacn,sprank,hit_mass,numProt,enzN,enzC,xcorrR,label
457,0.885,Sigma48_12mar09.0323.0323.2,K.SFLVWVNEEDHLR.V,P06732.2,0.4583,2.11,0.303,1,1643.8198,245,1,1,0.1436,1
6628,0.881,Sigma48_12mar09.3526.3526.2,K.SVIPSDGPSVAC[160.14]VK.K,P02787.2,0.5769,2.079,0.368,1,1415.5732,370,1,1,0.177,1
6970,0.878,Sigma48_12mar09.3732.3732.2,R.QITVNDLPVGR.S,Q06830.1,0.55,2.233,0.296,2,1211.3842,137,1,1,0.1326,1
5462,0.878,Sigma48_12mar09.2811.2811.2,K.SSGVPPEVFTR.V,P08311.2,0.65,1.904,0.309,2,1175.3073,181,1,1,0.1623,1
4634,0.878,Sigma48_12mar09.2273.2273.2,R.ALIVLAHSER.T,P15559.1,0.6111,2.097,0.291,3,1108.3066,161,1,1,0.1388,1
9058,0.878,Sigma48_12mar09.4994.4994.3,R.LGPNYLHIPVNC[160.14]PYR.A,P04040.3,0.3929,2.131,0.313,1,1813.0557,334,1,1,0.1469,1
10660,0.877,Sigma48_12mar09.5961.5961.3,R.TIQNDIMLLQLSR.R,P08311.2,0.4583,1.9,0.289,1,1544.8303,181,1,1,0.1521,1
8359,0.877,Sigma48_12mar09.4572.4572.2,R.HGAEVIDTPVFELK.E,P12081.2,0.3846,2.033,0.301,2,1554.7637,281,1,1,0.1481,1
6071,0.876,Sigma48_12mar09.3188.3188.2,K.SSGVPPEVFTR.V,P08311.2,0.6,1.879,0.355,1,1175.3073,181,1,1,0.1889,1
7189,0.876,Sigma48_12mar09.3864.3864.2,K.DHPFGFVAVPTK.N,P63279.1,0.5455,2.216,0.259,1,1314.5071,76,1,1,0.1169,1
9600,0.876,Sigma48_12mar09.5322.5322.2,G.PFSPNVLNWR.A,P02741.1,0.6111,2.306,0.388,1,1229.4044,138,0,1,0.1683,1
15411,0.875,Sigma48_12mar09.8826.8826.2,R.DLATALEQLLQAYPR.D,P55957.1,0.6071,2.293,0.309,1,1701.9408,128,1,1,0.1348,1
10578,0.875,Sigma48_12mar09.5912.5912.2,R.EVPLNTIIFMGR.V,P01008.1,0.5909,2.095,0.405,1,1389.6764,301,1,1,0.1933,1
7772,0.874,Sigma48_12mar09.4218.4218.2,G.PFSPNVLNWR.A,P02741.1,0.6667,2.205,0.407,1,1229.4044,138,0,1,0.1846,1
8003,0.874,Sigma48_12mar09.4358.4358.2,R.FSGTWYAMAK.K,P02753.3,0.5556,1.959,0.364,2,1161.3411,113,1,1,0.1858,1
10004,0.873,Sigma48_12mar09.5566.5566.2,K.SFLVWVNEEDHLR.V,P06732.2,0.625,2.32,0.373,1,1643.8198,245,1,1,0.1608,1
5721,0.873,Sigma48_12mar09.2969.2969.2,K.TGPNLHGLFGR.K,P99999.2,0.6,1.831,0.281,1,1168.3213,94,1,1,0.1535,1
7068,0.873,Sigma48_12mar09.3791.3791.2,R.EKVFDVIIR.C,P12081.2,0.6875,2.05,0.362,1,1118.3421,281,1,1,0.1766,1
3423,0.873,Sigma48_12mar09.1308.1308.2,R.NVNPVALPR.A,P08311.2,0.625,1.777,0.314,1,979.1478,181,1,1,0.1767,1
14041,0.872,Sigma48_12mar09.8001.8001.2,K.LADFALLC[160.14]LDGKRK.P,P02788.6,0.4231,2.287,0.416,2,1619.8914,329,1,1,0.1819,1
6422,0.872,Sigma48_12mar09.3401.3401.2,K.SVIPSDGPSVAC[160.14]VK.K,P02787.2,0.6154,2.126,0.404,1,1415.5732,370,1,1,0.19,1
7917,0.871,Sigma48_12mar09.4306.4306.2,K.ELADITLDPPPNC[160.14]SAGPK.G,P51965.1,0.4706,2.142,0.398,1,1895.0632,113,1,1,0.1858,1
4588,0.87,Sigma48_12mar09.2238.2238.2,R.NVNPVALPR.A,P08311.2,0.6875,1.933,0.29,1,979.1478,181,1,1,0.15,1
5186,0.87,Sigma48_12mar09.2634.2634.3,N.PVGDKLNVITVGPR.G,P04040.3,0.4423,2.389,0.42,1,1464.7288,334,0,1,0.1758,1
6040,0.87,Sigma48_12mar09.3168.3168.2,T.GPPEPIEAAVAR.F,P02788.6,0.5909,2.069,0.39,1,1206.3647,329,0,1,0.1885,1
11565,0.87,Sigma48_12mar09.6508.6508.3,K.LVSELWDAGIKAELLYK.K,P12081.2,0.3438,2.434,0.403,1,1948.2903,281,1,1,0.1656,1
9901,0.869,Sigma48_12mar09.5504.5504.2,K.FDGILGMAYPR.I,P07339.1,0.7,2.176,0.373,1,1239.4553,286,1,1,0.1714,1
9145,0.869,Sigma48_12mar09.5046.5046.2,K.GAGAFGYFEVTHDITK.Y,P04040.3,0.4667,2.623,0.371,1,1712.8798,334,1,1,0.1414,1
10602,0.869,Sigma48_12mar09.5926.5926.2,R.AVEKLSVEALNSLTGEFK.G,P06732.2,0.4412,1.854,0.331,1,1935.2054,245,1,1,0.1785,1
9773,0.869,Sigma48_12mar09.5427.5427.2,R.GLFIIDDKGILR.Q,Q06830.1,0.5909,2.41,0.34,1,1359.6323,137,1,1,0.1411,1
10303,0.868,Sigma48_12mar09.5746.5746.2,R.LQQELMTLMMSGDK.G,O00762,0.6154,2.336,0.389,1,1624.9467,129,1,1,0.1665,1
6650,0.868,Sigma48_12mar09.3539.3539.2,K.TGPNLHGLFGR.K,P99999.2,0.7,2.08,0.337,1,1168.3213,94,1,1,0.162,1
11146,0.868,Sigma48_12mar09.6254.6254.2,R.SIPPGLVNGLALQLR.N,P55957.1,0.3929,2.088,0.372,21,1547.8619,128,1,1,0.1782,1
10635,0.868,Sigma48_12mar09.5945.5945.3,K.ILDIKGIDYWLAHK.A,P00709.1,0.4231,2.398,0.357,1,1684.9994,54,1,1,0.1489,1
3888,0.868,Sigma48_12mar09.1715.1715.2,R.NVNPVALPR.A,P08311.2,0.5625,1.803,0.366,1,979.1478,181,1,1,0.203,1
6674,0.868,Sigma48_12mar09.3554.3554.3,K.KVPQVSTPTLVEVSR.N,P02768.2,0.3571,2.021,0.388,3,1639.9133,262,1,1,0.192,1
9652,0.867,Sigma48_12mar09.5354.5354.2,R.VAEGTQVLELPFK.G,P01008.1,0.6667,2.385,0.355,1,1430.6647,301,1,1,0.1488,1
3325,0.867,Sigma48_12mar09.1222.1222.2,K.FLQPGSPR.K,P08263.3,0.6429,1.766,0.294,3,901.0336,118,1,1,0.1665,1
10189,0.867,Sigma48_12mar09.5676.5676.3,R.ILDGMFAIC[160.14]GVSDSKFR.T,P12081.2,0.4063,2.023,0.231,1,1916.1891,281,1,1,0.1142,1
9348,0.866,Sigma48_12mar09.5169.5169.2,E.DSVISLSGDHC[160.14]IIGR.T,P00441.2,0.4286,2.284,0.454,1,1628.7692,111,0,1,0.1988,1
11251,0.866,Sigma48_12mar09.6317.6317.2,R.TNANFLVWPPC[160.14]VEVQR.C,P01127.1,0.4,2.614,0.381,1,1930.1602,120,1,1,0.1458,1
356,0.866,Sigma48_12mar09.0251.0251.2,R.MLFKDDYPSSPPK.C,P63279.1,0.4583,1.833,0.29,1,1524.7522,76,1,1,0.1582,1
12784,0.866,Sigma48_12mar09.7242.7242.2,G.C[160.14]LDAFPLLSAYVGR.L,P09211.2,0.6538,2.104,0.438,1,1581.7986,132,0,1,0.2082,1
15888,0.866,Sigma48_12mar09.9116.9116.3,S.GNLEQLLLAVVKSIR.S,P08758.2,0.5357,2.78,0.44,1,1652.9988,221,0,1,0.1583,1
8283,0.865,Sigma48_12mar09.4526.4526.3,K.ANRPFLVFIR.E,P01008.1,0.5833,2.495,0.365,1,1232.4948,301,1,1,0.1463,1
11626,0.865,Sigma48_12mar09.6545.6545.2,C.LDAFPLLSAYVGR.L,P09211.2,0.5417,2.386,0.467,1,1421.6598,132,0,1,0.1957,1
4431,0.865,Sigma48_12mar09.2130.2130.2,R.NVNPVALPR.A,P08311.2,0.625,1.631,0.319,1,979.1478,181,1,1,0.1956,1
11359,0.865,Sigma48_12mar09.6383.6383.2,R.SIPPGLVNGLALQLR.N,P55957.1,0.4643,1.748,0.29,1,1547.8619,128,1,1,0.1659,1
9362,0.865,Sigma48_12mar09.5177.5177.2,G.PFSPNVLNWR.A,P02741.1,0.6667,2.248,0.447,1,1229.4044,138,0,1,0.1988,1
8119,0.864,Sigma48_12mar09.4427.4427.3,R.QVFGEATKQPGITFIAAK.F,P07339.1,0.2941,2.325,0.316,1,1906.2126,286,1,1,0.1359,1
5876,0.864,Sigma48_12mar09.3066.3066.2,K.SSGVPPEVFTR.V,P08311.2,0.75,1.98,0.361,1,1175.3073,181,1,1,0.1823,1
9018,0.864,Sigma48_12mar09.4970.4970.3,R.RAVEKLSVEALNSLTGEFKGK.Y,P06732.2,0.325,2.406,0.291,1,2276.6188,245,1,1,0.1209,1
5533,0.864,Sigma48_12mar09.2853.2853.3,K.HPKFEEILTR.L,P06732.2,0.3889,1.871,0.284,6,1269.4667,245,1,1,0.1518,1
10652,0.864,Sigma48_12mar09.5956.5956.2,A.LNSLTGEFKGKYYPLK.S,P06732.2,0.4667,2.583,0.398,1,1858.1681,245,0,1,0.1541,1
5672,0.864,Sigma48_12mar09.2939.2939.2,K.SSGVPPEVFTR.V,P08311.2,0.75,2.071,0.362,1,1175.3073,181,1,1,0.1748,1
5266,0.863,Sigma48_12mar09.2687.2687.2,K.SSGVPPEVFTR.V,P08311.2,0.6,1.928,0.417,3,1175.3073,181,1,1,0.2163,1
10646,0.863,Sigma48_12mar09.5952.5952.2,V.PLNTIIFMGR.V,P01008.1,0.6667,2.267,0.444,1,1161.4284,301,0,1,0.1959,1
13381,0.863,Sigma48_12mar09.7601.7601.3,K.QPGITFIAAKFDGILGMAYPR.I,P07339.1,0.3,2.445,0.414,1,2266.6868,286,1,1,0.1693,1
7164,0.861,Sigma48_12mar09.3849.3849.3,R.AQEGLRPGTLC[160.14]TVAGWGR.V,P08311.2,0.3382,2.686,0.287,1,1929.1326,181,1,1,0.1069,1
9200,0.861,Sigma48_12mar09.5079.5079.3,R.TIAQDYGVLKADEGISFR.G,Q06830.1,0.3529,2.687,0.278,1,1983.209,137,1,1,0.1035,1
12630,0.861,Sigma48_12mar09.7149.7149.2,D.GLAVLGIFLK.V,P00918.2,0.6667,2.112,0.44,1,1030.3195,180,0,1,0.2083,1
4986,0.859,Sigma48_12mar09.2506.2506.2,R.NVNPVALPR.A,P08311.2,0.75,1.743,0.303,1,979.1478,181,1,1,0.1738,1
9729,0.859,Sigma48_12mar09.5399.5399.3,R.IYHC[160.14]NINSQGVIC[160.14]LDILK.D,P51965.1,0.3088,2.603,0.317,1,2160.431,113,1,1,0.1218,1
7696,0.859,Sigma48_12mar09.4172.4172.2,P.MNIPLVSDPKR.T,Q06830.1,0.55,2.248,0.471,1,1269.5255,137,0,1,0.2095,1
9188,0.859,Sigma48_12mar09.5072.5072.3,K.GAGAFGYFEVTHDITKYSK.A,P04040.3,0.2778,2.789,0.364,2,2091.308,334,1,1,0.1305,1
3273,0.859,Sigma48_12mar09.1176.1176.2,R.NVNPVALPR.A,P08311.2,0.6875,1.707,0.266,1,979.1478,181,1,1,0.1558,1
6060,0.859,Sigma48_12mar09.3180.3180.3,R.AQEGLRPGTLC[160.14]TVAGWGR.V,P08311.2,0.2794,2.193,0.246,1,1929.1326,181,1,1,0.1122,1
7882,0.858,Sigma48_12mar09.4284.4284.3,K.GDSGGPLLC[160.14]NNVAHGIVSYGK.S,P08311.2,0.2875,2.649,0.435,1,2115.297,181,1,1,0.1642,1
7291,0.858,Sigma48_12mar09.3926.3926.3,K.HPKFEEILTRLR.L,P06732.2,0.3409,1.856,0.353,1,1538.8136,245,1,1,0.1902,1
10789,0.858,Sigma48_12mar09.6039.6039.2,R.EVPLNTIIFMGR.V,P01008.1,0.6364,2.093,0.447,1,1389.6764,301,1,1,0.2136,1
559,0.858,Sigma48_12mar09.0418.0418.2,R.ALIVLAHSER.T,P15559.1,0.7222,1.552,0.291,1,1108.3066,161,1,1,0.1875,1
7408,0.857,Sigma48_12mar09.3996.3996.2,K.DHPFGFVAVPTK.N,P63279.1,0.5,1.789,0.388,2,1314.5071,76,1,1,0.2169,1
12772,0.857,Sigma48_12mar09.7235.7235.2,R.WLLAAAGVEFEEKFIK.S,P08263.3,0.4,2.831,0.343,1,1851.176,118,1,1,0.1212,1
10199,0.856,Sigma48_12mar09.5684.5684.2,R.WLLAAAGVEFEEK.F,P08263.3,0.7083,2.369,0.317,1,1462.666,118,1,1,0.1338,1
8896,0.856,Sigma48_12mar09.4896.4896.3,R.SLGSLTIAEPAMIAEC[160.14]KTR.T,P01127.1,0.2917,2.703,0.317,1,2048.3491,120,1,1,0.1173,1
10688,0.856,Sigma48_12mar09.5978.5978.3,K.SFLVWVNEEDHLRVISMEK.G,P06732.2,0.2639,2.496,0.337,2,2331.6722,245,1,1,0.135,1
5622,0.855,Sigma48_12mar09.2909.2909.2,R.NVNPVALPR.A,P08311.2,0.6875,2.374,0.359,1,979.1478,181,1,1,0.1512,1
4797,0.855,Sigma48_12mar09.2381.2381.2,R.NVNPVALPR.A,P08311.2,0.6875,1.577,0.273,1,979.1478,181,1,1,0.1731,1
6857,0.855,Sigma48_12mar09.3664.3664.2,R.EKVFDVIIR.C,P12081.2,0.6875,2.031,0.431,1,1118.3421,281,1,1,0.2122,1
13865,0.855,Sigma48_12mar09.7894.7894.2,K.AVQQPDGLAVLGIFLK.V,P00918.2,0.5667,2.717,0.401,1,1668.9976,180,1,1,0.1476,1
7474,0.853,Sigma48_12mar09.4036.4036.2,R.LQTAPVPMPDLK.N,P10636.4,0.5455,2.186,0.305,1,1309.5872,743,1,1,0.1395,1
7667,0.853,Sigma48_12mar09.4154.4154.3,K.GDSGGPLLC[160.14]NNVAHGIVSYGK.S,P08311.2,0.25,2.282,0.371,2,2115.297,181,1,1,0.1626,1
10670,0.853,Sigma48_12mar09.5967.5967.3,A.PQWEGYDELQTDGNRSSHSR.L,P55957.1,0.2763,2.88,0.46,1,2362.4142,128,0,1,0.1597,1
9993,0.851,Sigma48_12mar09.5559.5559.3,K.NPDGTMNLMNWEC[160.14]AIPGKK.G,P63279.1,0.3333,2.982,0.364,1,2176.4568,76,1,1,0.1221,1
9221,0.851,Sigma48_12mar09.5092.5092.2,N.PKLQKVLDALQAIK.T,P00915.2,0.6154,2.875,0.481,1,1564.9328,160,0,1,0.1673,1
10266,0.85,Sigma48_12mar09.5723.5723.3,K.SFLVWVNEEDHLRVISMEK.G,P06732.2,0.2917,2.526,0.219,1,2331.6722,245,1,1,0.0867,1
5732,0.85,Sigma48_12mar09.2975.2975.3,R.NVQC[160.14]RPTQVQLRPVQVR.K,P01127.1,0.3125,2.987,0.409,1,2078.372,120,1,1,0.1369,1
6659,0.85,Sigma48_12mar09.3544.3544.3,K.KQGGLGPMNIPLVSDPKR.T,Q06830.1,0.3971,2.975,0.329,1,1907.2622,137,1,1,0.1106,1
9700,0.85,Sigma48_12mar09.5382.5382.2,K.FDGILGMAYPR.I,P07339.1,0.65,1.972,0.451,1,1239.4553,286,1,1,0.2287,1
10443,0.849,Sigma48_12mar09.5830.5830.2,K.YWGVASFLQK.G,P02753.3,0.5556,1.727,0.406,2,1198.3874,113,1,1,0.2351,1
15690,0.849,Sigma48_12mar09.8994.8994.3,T.SGNLEQLLLAVVKSIR.S,P08758.2,0.5333,2.752,0.38,1,1740.077,221,0,1,0.1381,1
6951,0.849,Sigma48_12mar09.3720.3720.3,R.IQKELADITLDPPPNC[160.14]SAGPK.G,P51965.1,0.375,3.062,0.339,1,2264.5274,113,1,1,0.1107,1
10023,0.848,Sigma48_12mar09.5577.5577.3,R.RLIDRTNANFLVWPPC[160.14]VEVQR.C,P01127.1,0.225,2.948,0.375,4,2583.9426,120,1,1,0.1272,1
9803,0.848,Sigma48_12mar09.5445.5445.2,G.PFSPNVLNWR.A,P02741.1,0.7778,2.179,0.439,1,1229.4044,138,0,1,0.2015,1
7500,0.848,Sigma48_12mar09.4052.4052.3,K.HPKFEEILTRLR.L,P06732.2,0.4318,1.976,0.468,1,1538.8136,245,1,1,0.2368,1
11752,0.848,Sigma48_12mar09.6621.6621.2,T.GLDFIPGLHPILTLSK.M,P41159.1,0.4667,2.431,0.495,1,1721.0734,100,0,1,0.2036,1
11083,0.847,Sigma48_12mar09.6215.6215.3,R.GPVGKRLQQELMTLMMSGDK.G,O00762,0.2763,2.692,0.459,1,2219.6614,129,1,1,0.1705,1
7700,0.847,Sigma48_12mar09.4174.4174.2,R.EKVFDVIIR.C,P12081.2,0.625,1.386,0.288,5,1118.3421,281,1,1,0.2078,1
8987,0.847,Sigma48_12mar09.4952.4952.2,K.HGATVLTALGGILKK.K,P02144.2,0.5,1.676,0.395,1,1478.799,97,1,1,0.2357,1
4054,0.847,Sigma48_12mar09.1853.1853.2,R.NVNPVALPR.A,P08311.2,0.75,2,0.421,1,979.1478,181,1,1,0.2105,1
11501,0.847,Sigma48_12mar09.6470.6470.2,R.TAGWNIPMGLLYNK.I,P02787.2,0.5,2.946,0.471,1,1577.8621,370,1,1,0.1599,1
8840,0.846,Sigma48_12mar09.4863.4863.3,K.QGGLGPMNIPLVSDPKR.T,Q06830.1,0.4219,2.984,0.327,1,1779.0881,137,1,1,0.1096,1
12594,0.846,Sigma48_12mar09.7127.7127.2,F.GKAVQQPDGLAVLGIFLK.V,P00918.2,0.3824,2.868,0.392,1,1854.2236,180,0,1,0.1367,1
15460,0.846,Sigma48_12mar09.8855.8855.3,S.GNLEQLLLAVVKSIR.S,P08758.2,0.3929,2.137,0.376,1,1652.9988,221,0,1,0.1759,1
10593,0.846,Sigma48_12mar09.5920.5920.3,K.LSVEALNSLTGEFKGKYYPLK.S,P06732.2,0.3375,3.266,0.406,1,2357.7326,245,1,1,0.1243,1
15682,0.846,Sigma48_12mar09.8990.8990.3,S.GNLEQLLLAVVKSIR.S,P08758.2,0.5536,2.865,0.512,1,1652.9988,221,0,1,0.1787,1
6282,0.845,Sigma48_12mar09.3316.3316.2,K.SSGVPPEVFTR.V,P08311.2,0.65,2.1,0.468,1,1175.3073,181,1,1,0.2229,1
12467,0.845,Sigma48_12mar09.7050.7050.3,G.AEAKPWYEPIYLGGVFQLEK.G,P01375.1,0.3421,2.956,0.399,1,2338.6886,155,0,1,0.135,1
13635,0.844,Sigma48_12mar09.7755.7755.3,K.LLEERLKLVSELWDAGIKAELLYK.K,P12081.2,0.2283,3.092,0.394,1,2830.3611,281,1,1,0.1274,1
437,0.843,Sigma48_12mar09.0310.0310.3,R.NVQC[160.14]RPTQVQLRPVQVR.K,P01127.1,0.3125,2.712,0.206,2,2078.372,120,1,1,0.076,1
8193,0.842,Sigma48_12mar09.4472.4472.3,R.LGPNYLHIPVNC[160.14]PYR.A,P04040.3,0.4107,3.246,0.449,1,1813.0557,334,1,1,0.1383,1
7680,0.842,Sigma48_12mar09.4162.4162.2,R.LQTAPVPMPDLK.N,P10636.4,0.5909,2.231,0.359,1,1309.5872,743,1,1,0.1609,1
10916,0.842,Sigma48_12mar09.6116.6116.2,R.SIPPGLVNGLALQLR.N,P55957.1,0.6071,1.32,0.311,1,1547.8619,128,1,1,0.2356,1
11879,0.842,Sigma48_12mar09.6696.6696.3,R.DVFHTTVNFINQNLR.T,P55957.1,0.4286,3.035,0.324,1,1818.0226,128,1,1,0.1068,1
8770,0.842,Sigma48_12mar09.4821.4821.3,K.GAGAFGYFEVTHDITKYSK.A,P04040.3,0.2083,2.32,0.347,6,2091.308,334,1,1,0.1496,1
9829,0.842,Sigma48_12mar09.5460.5460.2,S.KADGLAVIGVLMK.V,P00915.2,0.6667,2.965,0.45,1,1314.6501,160,0,1,0.1518,1
10081,0.841,Sigma48_12mar09.5612.5612.3,K.HGATVLTALGGILK.K,P02144.2,0.5,2.82,0.415,1,1350.6249,97,1,1,0.1472,1
10911,0.841,Sigma48_12mar09.6112.6112.3,R.LIDRTNANFLVWPPC[160.14]VEVQR.C,P01127.1,0.2632,2.294,0.322,3,2427.7552,120,1,1,0.1404,1
7363,0.841,Sigma48_12mar09.3969.3969.3,R.IQKELADITLDPPPNC[160.14]SAGPK.G,P51965.1,0.4,3.143,0.442,1,2264.5274,113,1,1,0.1406,1
13938,0.84,Sigma48_12mar09.7937.7937.3,K.ANRPFLVFIREVPLNTIIFMGR.V,P01008.1,0.2619,2.541,0.272,1,2604.1552,301,1,1,0.107,1
7045,0.84,Sigma48_12mar09.3777.3777.3,N.PVGDKLNVITVGPR.G,P04040.3,0.4038,2.102,0.372,1,1464.7288,334,0,1,0.177,1
8848,0.84,Sigma48_12mar09.4868.4868.3,R.LGPNYLHIPVNC[160.14]PYR.A,P04040.3,0.4464,3.306,0.503,1,1813.0557,334,1,1,0.1521,1
10390,0.839,Sigma48_12mar09.5798.5798.3,R.ILDGMFAIC[160.14]GVSDSKFR.T,P12081.2,0.4375,3.394,0.444,1,1916.1891,281,1,1,0.1308,1
7620,0.839,Sigma48_12mar09.4126.4126.2,K.DHPFGFVAVPTK.N,P63279.1,0.5,1.44,0.315,1,1314.5071,76,1,1,0.2188,1
6281,0.839,Sigma48_12mar09.3315.3315.3,R.KDHPFGFVAVPTK.N,P63279.1,0.5,2.803,0.446,1,1442.6812,76,1,1,0.1591,1
15094,0.839,Sigma48_12mar09.8634.8634.3,K.TAFQEALDAAGDKLVVVDFSATWC[160.14]GPC[160.14]K.M,P10599.3,0.2685,2.949,0.361,1,3057.3394,63,1,1,0.1224,1
8619,0.839,Sigma48_12mar09.4730.4730.3,K.QGGLGPMNIPLVSDPKR.T,Q06830.1,0.4531,2.928,0.487,1,1779.0881,137,1,1,0.1663,1
13380,0.838,Sigma48_12mar09.7601.7601.2,I.AAKFDGILGMAYPR.I,P07339.1,0.5769,2.173,0.492,1,1509.787,286,0,1,0.2264,1
12137,0.838,Sigma48_12mar09.6852.6852.3,R.GLFIIDDKGILRQITVNDLPVGR.S,Q06830.1,0.2727,3.157,0.319,1,2553.0006,137,1,1,0.101,1
6496,0.838,Sigma48_12mar09.3447.3447.2,R.QITVNDLPVGR.S,Q06830.1,0.45,1.647,0.393,26,1211.3842,137,1,1,0.2386,1
7412,0.838,Sigma48_12mar09.3999.3999.2,R.ADLIAYLKK.A,P99999.2,0.625,1.429,0.256,1,1034.2646,94,1,1,0.1791,1
6627,0.838,Sigma48_12mar09.3525.3525.3,N.PVGDKLNVITVGPR.G,P04040.3,0.5192,3.287,0.489,1,1464.7288,334,0,1,0.1488,1
12522,0.838,Sigma48_12mar09.7084.7084.2,K.ASAELIEEEVAKLLK.L,P12081.2,0.6429,3.861,0.537,1,1642.9109,281,1,1,0.1391,1
14538,0.838,Sigma48_12mar09.8300.8300.2,R.LLVVYPWTQRFFESF.G,P68871.2,0.5357,2.871,0.417,1,1932.2524,101,1,0,0.1452,1
14552,0.838,Sigma48_12mar09.8308.8308.2,S.GNLEQLLLAVVKSIR.S,P08758.2,0.6071,2.865,0.526,1,1652.9988,221,0,1,0.1836,1
8198,0.838,Sigma48_12mar09.4475.4475.2,G.PFSPNVLNWR.A,P02741.1,0.6667,1.986,0.355,1,1229.4044,138,0,1,0.1788,1
15693,0.837,Sigma48_12mar09.8997.8997.2,T.SGNLEQLLLAVVKSIR.S,P08758.2,0.5333,3.375,0.502,1,1740.077,221,0,1,0.1487,1
10148,0.837,Sigma48_12mar09.5652.5652.2,K.LSLEFPSGYPYNAPTVK.F,O00762,0.5313,4.042,0.591,1,1883.1315,129,1,1,0.1462,1
9211,0.837,Sigma48_12mar09.5086.5086.2,K.MYLGYEYVTAIR.N,P02787.2,0.5909,1.327,0.289,2,1478.7266,370,1,1,0.2178,1
12913,0.837,Sigma48_12mar09.7319.7319.3,K.ASAELIEEEVAKLLKLK.A,P12081.2,0.3281,3.145,0.474,1,1884.2444,281,1,1,0.1507,1
7984,0.837,Sigma48_12mar09.4346.4346.3,R.LGPNYLHIPVNC[160.14]PYR.A,P04040.3,0.4464,3.399,0.404,1,1813.0557,334,1,1,0.1189,1
5046,0.836,Sigma48_12mar09.2547.2547.2,K.SSGVPPEVFTR.V,P08311.2,0.5,1.78,0.45,3,1175.3073,181,1,1,0.2528,1
5941,0.836,Sigma48_12mar09.3107.3107.2,K.TGPNLHGLFGR.K,P99999.2,0.45,1.509,0.308,1,1168.3213,94,1,1,0.2041,1
1379,0.836,Sigma48_12mar09.10082.10082.3,R.EADLVIFQFPLYWFSVPAILK.G,P16083.4,0.4125,3.961,0.563,1,2496.9751,138,1,1,0.1421,1
11851,0.836,Sigma48_12mar09.6680.6680.3,R.VFIGEFAYTYAAMYDKGPFR.S,P15559.1,0.2763,2.209,0.213,1,2346.6857,161,1,1,0.0964,1
6750,0.836,Sigma48_12mar09.3599.3599.3,R.AQEGLRPGTLC[160.14]TVAGWGR.V,P08311.2,0.3676,2.987,0.495,1,1929.1326,181,1,1,0.1657,1
5383,0.836,Sigma48_12mar09.2759.2759.3,N.PVGDKLNVITVGPR.G,P04040.3,0.4038,2.514,0.506,1,1464.7288,334,0,1,0.2013,1
7770,0.836,Sigma48_12mar09.4217.4217.2,K.DHPFGFVAVPTK.N,P63279.1,0.6818,2.463,0.459,1,1314.5071,76,1,1,0.1864,1
12072,0.836,Sigma48_12mar09.6814.6814.2,F.YDSGLLQGKLALLSVTTG.G,P16083.4,0.4706,2.743,0.459,1,1836.1162,138,0,0,0.1673,1
13803,0.836,Sigma48_12mar09.7857.7857.2,R.SIPAYLAETLYYAMKG.A,P08758.2,0.5333,2.53,0.438,1,1791.0925,221,1,0,0.1731,1
4939,0.836,Sigma48_12mar09.2474.2474.3,R.TPSLPTPPTREPK.K,P10636.4,0.375,1.894,0.371,1,1420.6292,743,1,1,0.1959,1
12986,0.835,Sigma48_12mar09.7364.7364.3,K.GIIWGEDTLMEYLENPKKYIPGTK.M,P99999.2,0.2609,3.097,0.431,1,2796.2312,94,1,1,0.1392,1
14291,0.835,Sigma48_12mar09.8151.8151.2,R.LLVVYPWTQRFFESFG.D,P68871.2,0.4333,2.63,0.436,1,1989.3043,101,1,0,0.1658,1
9687,0.834,Sigma48_12mar09.5374.5374.3,N.PKLQKVLDALQAIK.T,P00915.2,0.4615,3.28,0.434,1,1564.9328,160,0,1,0.1323,1
10665,0.834,Sigma48_12mar09.5964.5964.2,K.AIGAVPLIQGEYMIPC[160.14]EK.V,P07339.1,0.6471,4.533,0.61,1,1989.3241,286,1,1,0.1346,1
5788,0.834,Sigma48_12mar09.3011.3011.2,R.FLFEGQR.I,P63165.1,0.75,1.363,0.291,1,896.0141,45,1,1,0.2135,1
7125,0.834,Sigma48_12mar09.3825.3825.3,K.RIQKELADITLDPPPNC[160.14]SAGPK.G,P51965.1,0.381,3.381,0.404,1,2420.7149,113,1,1,0.1195,1
11066,0.834,Sigma48_12mar09.6206.6206.2,R.VSSFLPWIR.T,P08311.2,0.8125,1.88,0.415,1,1104.3177,181,1,1,0.2207,1
9479,0.833,Sigma48_12mar09.5248.5248.2,K.FDGILGMAYPR.I,P07339.1,0.75,2.11,0.464,1,1239.4553,286,1,1,0.2199,1
6193,0.833,Sigma48_12mar09.3261.3261.3,K.IGSLDNITHVPGGGNK.K,P10636.4,0.3333,2.091,0.311,1,1578.7459,743,1,1,0.1487,1
7073,0.833,Sigma48_12mar09.3794.3794.3,K.KQGGLGPMNIPLVSDPKR.T,Q06830.1,0.4853,4.322,0.6,1,1907.2622,137,1,1,0.1388,1
8807,0.833,Sigma48_12mar09.4844.4844.2,K.ANRPFLVFIR.E,P01008.1,0.7778,2.434,0.296,1,1232.4948,301,1,1,0.1216,1
14057,0.833,Sigma48_12mar09.8010.8010.2,R.LLVVYPWTQRFFESF.G,P68871.2,0.5,2.521,0.415,1,1932.2524,101,1,0,0.1646,1
8700,0.832,Sigma48_12mar09.4779.4779.3,K.ANRPFLVFIR.E,P01008.1,0.6111,2.869,0.393,1,1232.4948,301,1,1,0.137,1
12331,0.832,Sigma48_12mar09.6969.6969.3,K.VTGLDFIPGLHPILTLSK.M,P41159.1,0.2794,2.654,0.489,1,1921.311,100,1,1,0.1843,1
15410,0.832,Sigma48_12mar09.8825.8825.3,R.DLATALEQLLQAYPR.D,P55957.1,0.5179,3.841,0.574,1,1701.9408,128,1,1,0.1494,1
14815,0.832,Sigma48_12mar09.8466.8466.2,K.YLEFISEC[160.14]IIQVLQSK.H,P02144.2,0.5333,3.723,0.573,1,1970.2599,97,1,1,0.1539,1
7153,0.831,Sigma48_12mar09.3842.3842.3,K.TGPNLHGLFGR.K,P99999.2,0.375,1.665,0.369,1,1168.3213,94,1,1,0.2216,1
12200,0.831,Sigma48_12mar09.6891.6891.2,K.LVDQNIFSFYLSR.D,P07339.1,0.6667,3.071,0.502,1,1601.8229,286,1,1,0.1635,1
961,0.831,Sigma48_12mar09.0791.0791.2,R.NVNPVALPR.A,P08311.2,0.625,1.573,0.393,1,979.1478,181,1,1,0.2498,1
10787,0.83,Sigma48_12mar09.6038.6038.2,R.TIQNDIMLLQLSR.R,P08311.2,0.7917,2.35,0.438,1,1544.8303,181,1,1,0.1864,1
13311,0.83,Sigma48_12mar09.7559.7559.3,R.SMGGKEDLIWELLNQAQEHFGK.D,P02787.2,0.2976,3.518,0.438,1,2530.8383,370,1,1,0.1245,1
6537,0.83,Sigma48_12mar09.3471.3471.3,K.HPKFEEILTRLR.L,P06732.2,0.3864,1.819,0.233,1,1538.8136,245,1,1,0.1281,1
10904,0.829,Sigma48_12mar09.6108.6108.2,S.GLLQGKLALLSVTTG.G,P16083.4,0.4643,2.63,0.463,1,1470.7734,138,0,0,0.176,1
7577,0.829,Sigma48_12mar09.4100.4100.3,R.AQEGLRPGTLC[160.14]TVAGWGR.V,P08311.2,0.3971,3.987,0.583,1,1929.1326,181,1,1,0.1462,1
6900,0.829,Sigma48_12mar09.3690.3690.2,K.TGPNLHGLFGR.K,P99999.2,0.6,1.896,0.473,1,1168.3213,94,1,1,0.2495,1
7994,0.829,Sigma48_12mar09.4352.4352.3,R.AQEGLRPGTLC[160.14]TVAGWGR.V,P08311.2,0.3971,3.899,0.575,1,1929.1326,181,1,1,0.1475,1
13549,0.829,Sigma48_12mar09.7702.7702.3,K.TAFQEALDAAGDKLVVVDFSATWC[160.14]GPC[160.14]K.M,P10599.3,0.2315,2.644,0.336,1,3057.3394,63,1,1,0.1271,1
5597,0.829,Sigma48_12mar09.2892.2892.3,N.PVGDKLNVITVGPR.G,P04040.3,0.4231,3.289,0.428,1,1464.7288,334,0,1,0.1301,1
5531,0.829,Sigma48_12mar09.2852.2852.3,R.TPSLPTPPTREPK.K,P10636.4,0.375,2.01,0.404,2,1420.6292,743,1,1,0.201,1
4746,0.829,Sigma48_12mar09.2348.2348.3,R.TPSLPTPPTREPK.K,P10636.4,0.3958,1.815,0.392,3,1420.6292,743,1,1,0.216,1
7285,0.829,Sigma48_12mar09.3922.3922.3,K.KQGGLGPMNIPLVSDPKR.T,Q06830.1,0.3382,3.349,0.422,1,1907.2622,137,1,1,0.126,1
11178,0.828,Sigma48_12mar09.6273.6273.3,R.GPLLVQDVVFTDEMAHFDRER.I,P04040.3,0.3125,3.689,0.464,1,2474.7742,334,1,1,0.1258,1
14394,0.828,Sigma48_12mar09.8212.8212.3,R.VEKFDLVPVPTNLYGDFFTGDAYVILK.T,P06396.1,0.2019,2.961,0.386,1,3061.525,494,1,1,0.1304,1
11679,0.828,Sigma48_12mar09.6576.6576.3,K.ALC[160.14]TEKLEQWLC[160.14]EKL.-,P00709.1,0.3929,2.704,0.395,1,1921.1537,54,1,0,0.1461,1
10601,0.828,Sigma48_12mar09.5925.5925.3,A.GELKWGTDEEKFITIFGTR.S,P08758.2,0.3194,2.643,0.39,1,2227.5022,221,0,1,0.1476,1
8401,0.828,Sigma48_12mar09.4598.4598.3,R.LGPNYLHIPVNC[160.14]PYR.A,P04040.3,0.3929,3.276,0.319,1,1813.0557,334,1,1,0.0974,1
9558,0.828,Sigma48_12mar09.5296.5296.3,R.RFC[160.14]VGLQKIEEIFKK.A,P06732.2,0.4821,4.528,0.577,1,1895.242,245,1,1,0.1274,1
10107,0.828,Sigma48_12mar09.5627.5627.3,K.VGSAKPGLQKVVDVLDSIK.T,P00918.2,0.4167,3.917,0.5,1,1953.3104,180,1,1,0.1276,1
15165,0.827,Sigma48_12mar09.8678.8678.2,R.LLVVYPWTQRFFESF.G,P68871.2,0.4643,2.638,0.48,1,1932.2524,101,1,0,0.182,1
13405,0.827,Sigma48_12mar09.7616.7616.3,K.GLAPEVADRIGDYVQQHGGVSLVEQLLQDPK.L,P12081.2,0.2167,3.079,0.367,1,3332.7184,281,1,1,0.1192,1
12574,0.827,Sigma48_12mar09.7115.7115.2,K.GIIWGEDTLMEYLENPKK.Y,P99999.2,0.5588,3.581,0.581,1,2136.448,94,1,1,0.1622,1
13524,0.827,Sigma48_12mar09.7688.7688.2,K.GIIWGEDTLMEYLENPK.K,P99999.2,0.625,3.734,0.523,1,2008.274,94,1,1,0.1401,1
11875,0.827,Sigma48_12mar09.6694.6694.3,R.SAGWNIPIGLLYC[160.14]DLPEPRKPLEK.A,P02787.2,0.2935,3.586,0.467,1,2767.1871,370,1,1,0.1302,1
9673,0.826,Sigma48_12mar09.5366.5366.3,K.AVC[160.14]VLKGDGPVQGIINFEQK.E,P00441.2,0.4605,4.641,0.595,1,2172.476,111,1,1,0.1282,1
9477,0.826,Sigma48_12mar09.5247.5247.2,N.PKLQKVLDALQAIK.T,P00915.2,0.7308,3.241,0.486,1,1564.9328,160,0,1,0.15,1
12927,0.826,Sigma48_12mar09.7328.7328.3,R.DMEKEKTMLVLALLLAK.K,P55957.1,0.4219,3.941,0.517,1,1946.4353,128,1,1,0.1312,1
6520,0.826,Sigma48_12mar09.3461.3461.2,R.FLFEGQR.I,P63165.1,0.8333,1.582,0.317,1,896.0141,45,1,1,0.2004,1
10462,0.826,Sigma48_12mar09.5841.5841.3,R.RLIDRTNANFLVWPPC[160.14]VEVQR.C,P01127.1,0.35,4.398,0.56,1,2583.9426,120,1,1,0.1273,1
8491,0.826,Sigma48_12mar09.4652.4652.3,K.ANRPFLVFIR.E,P01008.1,0.6111,3.069,0.458,1,1232.4948,301,1,1,0.1492,1
10452,0.826,Sigma48_12mar09.5835.5835.3,K.VGSAKPGLQKVVDVLDSIK.T,P00918.2,0.375,3.59,0.456,1,1953.3104,180,1,1,0.127,1
14228,0.825,Sigma48_12mar09.8112.8112.3,R.TILLSIQSLLGEPNIDSPLNTHAAELWK.N,O00762,0.2963,3.339,0.385,1,3074.5248,129,1,1,0.1153,1
344,0.825,Sigma48_12mar09.0244.0244.2,K.MYLGYEYVTAIR.N,P02787.2,0.5,2.433,0.547,1,1478.7266,370,1,1,0.2248,1
72,0.825,Sigma48_12mar09.0056.0056.3,K.TDLNHENLKGGDDLDPNYVLSSR.V,P06732.2,0.2386,2.284,0.245,1,2572.7282,245,1,1,0.1073,1
8859,0.825,Sigma48_12mar09.4875.4875.2,R.MLVVLLQANRDPDA.G,P08758.2,0.5769,3.022,0.447,1,1554.8254,221,1,0,0.1479,1
7805,0.825,Sigma48_12mar09.4238.4238.3,R.LQTAPVPMPDLKNVK.S,P10636.4,0.3036,2.257,0.305,1,1650.9977,743,1,1,0.1351,1
6701,0.825,Sigma48_12mar09.3570.3570.2,K.STPTAEDVTAPLVDEGAPGK.Q,P10636.4,0.5526,3.173,0.513,1,1955.1064,743,1,1,0.1617,1
7028,0.824,Sigma48_12mar09.3767.3767.2,K.GDNIYEWR.S,P51965.1,0.7143,1.524,0.371,1,1052.1118,113,1,1,0.2434,1
13485,0.824,Sigma48_12mar09.7664.7664.3,K.ANRPFLVFIREVPLNTIIFMGR.V,P01008.1,0.2619,3.014,0.264,3,2604.1552,301,1,1,0.0876,1
7787,0.824,Sigma48_12mar09.4227.4227.3,R.AQEGLRPGTLC[160.14]TVAGWGR.V,P08311.2,0.3676,3.584,0.516,1,1929.1326,181,1,1,0.144,1
14656,0.824,Sigma48_12mar09.8370.8370.2,R.SIPAYLAETLYYAMKGAG.T,P08758.2,0.4412,2.723,0.498,1,1919.2232,221,1,0,0.1829,1
4253,0.824,Sigma48_12mar09.2004.2004.2,R.NVNPVALPR.A,P08311.2,0.6875,2.105,0.492,1,979.1478,181,1,1,0.2337,1
1920,0.824,Sigma48_12mar09.1044.1044.2,R.NVNPVALPR.A,P08311.2,0.5625,1.223,0.299,1,979.1478,181,1,1,0.2445,1
12819,0.824,Sigma48_12mar09.7263.7263.3,R.NDGYLMFQQVPMVEIDGMKLVQTR.A,P08263.3,0.25,3.375,0.408,1,2813.298,118,1,1,0.1209,1
8966,0.824,Sigma48_12mar09.4938.4938.3,K.HGATVLTALGGILKK.K,P02144.2,0.4286,3.147,0.45,1,1478.799,97,1,1,0.143,1
6543,0.824,Sigma48_12mar09.3474.3474.3,R.AQEGLRPGTLC[160.14]TVAGWGR.V,P08311.2,0.3824,3.863,0.494,1,1929.1326,181,1,1,0.1279,1
11856,0.823,Sigma48_12mar09.6683.6683.2,F.YDSGLLQGKLALLSVTTG.G,P16083.4,0.4412,2.651,0.476,1,1836.1162,138,0,0,0.1796,1
10476,0.823,Sigma48_12mar09.5849.5849.3,K.AGHPFMWNQHLGYVLTC[160.14]PSNLGTGLR.G,P06732.2,0.37,5.355,0.618,1,2927.2996,245,1,1,0.1154,1
6539,0.823,Sigma48_12mar09.3472.3472.3,K.SRLQTAPVPMPDLK.N,P10636.4,0.3462,2.661,0.396,3,1552.8529,743,1,1,0.1488,1
1531,0.823,Sigma48_12mar09.10178.10178.3,R.ITDVIPSEAINELTVLVLVNTIYFKGLWK.S,P01008.1,0.3036,2.585,0.337,1,3289.9036,301,1,1,0.1304,1
7266,0.823,Sigma48_12mar09.3910.3910.3,K.SRLQTAPVPMPDLKNVK.S,P10636.4,0.3281,2.861,0.477,2,1894.2634,743,1,1,0.1667,1
9716,0.823,Sigma48_12mar09.5392.5392.2,R.MLVVLLQANRDPDA.G,P08758.2,0.5,2.412,0.44,1,1554.8254,221,1,0,0.1824,1
6213,0.823,Sigma48_12mar09.3273.3273.3,N.PVGDKLNVITVGPR.G,P04040.3,0.4231,3.365,0.533,1,1464.7288,334,0,1,0.1584,1
6748,0.822,Sigma48_12mar09.3598.3598.3,K.SRLQTAPVPMPDLK.N,P10636.4,0.3269,2.092,0.407,1,1552.8529,743,1,1,0.1946,1
11012,0.822,Sigma48_12mar09.6173.6173.2,R.VFIGEFAYTYAAMYDK.G,P15559.1,0.3667,1.594,0.349,2,1889.153,161,1,1,0.2189,1
6734,0.822,Sigma48_12mar09.3590.3590.3,K.TGPNLHGLFGR.K,P99999.2,0.35,1.686,0.297,1,1168.3213,94,1,1,0.1762,1
14249,0.822,Sigma48_12mar09.8126.8126.2,N.DNIFLSPLSISTAFAMTK.L,P01008.1,0.4706,2.193,0.353,1,1956.2849,301,0,1,0.161,1
12615,0.822,Sigma48_12mar09.7139.7139.3,R.ETPEGAEAKPWYEPIYLGGVFQLEK.G,P01375.1,0.25,3.414,0.429,1,2852.1932,155,1,1,0.1257,1
2617,0.822,Sigma48_12mar09.1096.1096.2,K.FLQPGSPR.K,P08263.3,0.5714,1.223,0.299,1,901.0336,118,1,1,0.2445,1
10203,0.822,Sigma48_12mar09.5686.5686.2,K.LKAFLASPEYVNL.P,P09211.2,0.625,2.6,0.354,1,1464.7252,132,1,0,0.1362,1
5052,0.822,Sigma48_12mar09.2550.2550.2,K.TGPNLHGLFGR.K,P99999.2,0.65,1.431,0.363,1,1168.3213,94,1,1,0.2537,1
7116,0.822,Sigma48_12mar09.3820.3820.2,K.TGPNLHGLFGR.K,P99999.2,0.75,2.31,0.48,1,1168.3213,94,1,1,0.2078,1
6322,0.821,Sigma48_12mar09.3340.3340.3,R.LQTAPVPMPDLKNVK.S,P10636.4,0.3571,2.62,0.309,1,1650.9977,743,1,1,0.1179,1
1310,0.821,Sigma48_12mar09.10042.10042.3,K.ELTPEVLQEWLDELEEMMLVVHMPR.F,P01008.1,0.2813,3.684,0.514,1,3067.5809,301,1,1,0.1395,1
11855,0.821,Sigma48_12mar09.6682.6682.3,N.TPIFFIRDPILFPSFIHSQKRN.P,P04040.3,0.2976,3.614,0.423,1,2674.1442,334,0,0,0.117,1
7492,0.821,Sigma48_12mar09.4047.4047.3,K.KQGGLGPMNIPLVSDPKR.T,Q06830.1,0.4559,4.217,0.527,1,1907.2622,137,1,1,0.125,1
12139,0.821,Sigma48_12mar09.6854.6854.3,R.LLNNWDVC[160.14]ADMVGTFTDTEDPAKFK.M,P02753.3,0.2917,3.89,0.538,1,2888.1648,113,1,1,0.1383,1
932,0.821,Sigma48_12mar09.0767.0767.3,R.SRTPSLPTPPTREPK.K,P10636.4,0.3214,2.224,0.258,3,1663.8949,743,1,1,0.116,1
8000,0.821,Sigma48_12mar09.4355.4355.3,R.LGRIEADSESQEDIIRNIAR.H,P55957.1,0.4079,4.004,0.478,1,2285.4997,128,1,1,0.1194,1
10246,0.82,Sigma48_12mar09.5711.5711.3,R.RLIDRTNANFLVWPPC[160.14]VEVQR.C,P01127.1,0.2875,3.488,0.366,1,2583.9426,120,1,1,0.1049,1
7567,0.82,Sigma48_12mar09.4094.4094.3,R.IQKELADITLDPPPNC[160.14]SAGPK.G,P51965.1,0.4375,3.912,0.463,1,2264.5274,113,1,1,0.1184,1
12657,0.82,Sigma48_12mar09.7164.7164.3,K.KDPEGLFLQDNIVAEFSVDETGQMSATAK.G,P02753.3,0.3125,4.021,0.517,1,3141.4542,113,1,1,0.1286,1
6157,0.82,Sigma48_12mar09.3239.3239.3,K.SRLQTAPVPMPDLKNVK.S,P10636.4,0.3281,3.077,0.443,3,1894.2634,743,1,1,0.144,1
6652,0.82,Sigma48_12mar09.3540.3540.2,R.EKVFDVIIR.C,P12081.2,0.8125,1.841,0.236,1,1118.3421,281,1,1,0.1282,1
7378,0.82,Sigma48_12mar09.3978.3978.2,K.STPTAEDVTAPLVDEGAPGK.Q,P10636.4,0.5526,3.325,0.555,1,1955.1064,743,1,1,0.1669,1
13892,0.819,Sigma48_12mar09.7910.7910.3,R.FRIEDGFSLKEQLQDMGLVDLFSPEK.S,P01008.1,0.27,3.696,0.479,1,3042.4542,301,1,1,0.1296,1
5825,0.819,Sigma48_12mar09.3035.3035.2,T.GPPEPIEAAVAR.F,P02788.6,0.7727,2.008,0.46,1,1206.3647,329,0,1,0.2291,1
7391,0.819,Sigma48_12mar09.3986.3986.3,R.LQTAPVPMPDLKNVK.S,P10636.4,0.2857,2.122,0.347,4,1650.9977,743,1,1,0.1635,1
1287,0.819,Sigma48_12mar09.10029.10029.3,R.ITDVIPSEAINELTVLVLVNTIYFK.G,P01008.1,0.3333,3.568,0.569,1,2805.305,301,1,1,0.1595,1
12386,0.819,Sigma48_12mar09.7002.7002.2,N.TIYLGGPFSPNVLNWR.A,P02741.1,0.5,3.563,0.462,1,1834.1082,138,0,1,0.1297,1
9853,0.819,Sigma48_12mar09.5475.5475.2,A.SKADGLAVIGVLMK.V,P00915.2,0.5769,2.798,0.55,1,1401.7283,160,0,1,0.1966,1
7848,0.819,Sigma48_12mar09.4264.4264.3,K.AAFKGDSGGPLLC[160.14]NNVAHGIVSYGK.S,P08311.2,0.4167,5.595,0.627,1,2532.8053,181,1,1,0.1121,1
14760,0.818,Sigma48_12mar09.8433.8433.3,R.LGSSEVEQVQLVVDGVKLMVEMEK.K,P06732.2,0.2609,3.802,0.473,1,2647.0951,245,1,1,0.1244,1
10653,0.818,Sigma48_12mar09.5956.5956.3,R.AVEKLSVEALNSLTGEFKGKYYPLK.S,P06732.2,0.3854,5.207,0.587,1,2785.2335,245,1,1,0.1127,1
14761,0.818,Sigma48_12mar09.8434.8434.2,R.LLVVYPWTQRFFESF.G,P68871.2,0.5714,3.03,0.501,1,1932.2524,101,1,0,0.1653,1
8741,0.818,Sigma48_12mar09.4804.4804.2,A.GC[160.14]TSAGPHFNPLSR.K,P00441.2,0.5769,3.125,0.573,1,1500.6006,111,0,1,0.1834,1
17132,0.818,Sigma48_12mar09.9873.9873.3,G.LGDLKLLFEYLTLFGIDDKISFDLSLAR.G,P12081.2,0.1852,2.938,0.427,1,3216.7656,281,0,1,0.1453,1
10699,0.818,Sigma48_12mar09.5985.5985.2,K.VGEFSGANKEKLEATINELV.-,P10599.3,0.4474,3.203,0.437,1,2148.3984,63,1,0,0.1364,1
17117,0.818,Sigma48_12mar09.9864.9864.2,W.LDELEEMMLVVHMPR.F,P01008.1,0.6429,3.672,0.637,1,1842.2173,301,0,1,0.1735,1
5218,0.818,Sigma48_12mar09.2656.2656.2,R.NVNPVALPR.A,P08311.2,0.6875,2.267,0.513,1,979.1478,181,1,1,0.2263,1
8203,0.818,Sigma48_12mar09.4478.4478.3,R.AQEGLRPGTLC[160.14]TVAGWGR.V,P08311.2,0.4265,4.813,0.623,1,1929.1326,181,1,1,0.1294,1
7784,0.818,Sigma48_12mar09.4226.4226.2,K.STPTAEDVTAPLVDEGAPGK.Q,P10636.4,0.5789,3.51,0.578,1,1955.1064,743,1,1,0.1647,1
14912,0.817,Sigma48_12mar09.8524.8524.3,K.KDPEGLFLQDNIVAEFSVDETGQMSATAK.G,P02753.3,0.3304,5.745,0.65,1,3141.4542,113,1,1,0.1131,1
10417,0.817,Sigma48_12mar09.5814.5814.2,R.ILDGMFAIC[160.14]GVSDSK.F,P12081.2,0.6429,3.409,0.619,1,1612.825,281,1,1,0.1816,1
10584,0.817,Sigma48_12mar09.5915.5915.2,R.TIQNDIMLLQLSR.R,P08311.2,0.7083,2.895,0.437,1,1544.8303,181,1,1,0.1509,1
7169,0.817,Sigma48_12mar09.3852.3852.2,R.LQTAPVPMPDLK.N,P10636.4,0.5909,2.562,0.409,1,1309.5872,743,1,1,0.1596,1
11137,0.817,Sigma48_12mar09.6248.6248.3,R.LLNLDGTC[160.14]ADSYSFVFSRDPNGLPPEAQK.I,P02753.3,0.2857,4.053,0.529,1,3212.4865,113,1,1,0.1305,1
15130,0.817,Sigma48_12mar09.8656.8656.3,K.KDPEGLFLQDNIVAEFSVDETGQMSATAK.G,P02753.3,0.2946,4.319,0.568,1,3141.4542,113,1,1,0.1315,1
14138,0.817,Sigma48_12mar09.8058.8058.3,R.FRIEDGFSLKEQLQDMGLVDLFSPEK.S,P01008.1,0.35,5.636,0.613,1,3042.4542,301,1,1,0.1088,1
14600,0.817,Sigma48_12mar09.8337.8337.2,R.LLVVYPWTQRFFESFG.D,P68871.2,0.4667,2.71,0.51,1,1989.3043,101,1,0,0.1882,1
2553,0.817,Sigma48_12mar09.10911.10911.3,K.KDPEGLFLQDNIVAEFSVDETGQMSATAK.G,P02753.3,0.3214,5.5,0.632,1,3141.4542,113,1,1,0.1149,1
7919,0.816,Sigma48_12mar09.4307.4307.2,R.LQTAPVPMPDLK.N,P10636.4,0.5909,2.623,0.354,1,1309.5872,743,1,1,0.135,1
6010,0.816,Sigma48_12mar09.3148.3148.3,N.PVGDKLNVITVGPR.G,P04040.3,0.4423,3.303,0.564,1,1464.7288,334,0,1,0.1708,1
6421,0.816,Sigma48_12mar09.3400.3400.3,N.PVGDKLNVITVGPR.G,P04040.3,0.4615,3.649,0.518,1,1464.7288,334,0,1,0.142,1
11895,0.816,Sigma48_12mar09.6706.6706.3,R.ELDALGHELPVLAPQWEGYDELQTDGNR.S,P55957.1,0.3241,4.556,0.606,1,3166.4082,128,1,1,0.133,1
6864,0.815,Sigma48_12mar09.3668.3668.3,K.KQGGLGPMNIPLVSDPKR.T,Q06830.1,0.4412,4.24,0.516,1,1907.2622,137,1,1,0.1217,1
9448,0.815,Sigma48_12mar09.5229.5229.2,M.PPYTVVYFPVR.G,P09211.2,0.8,3.44,0.552,1,1337.5847,132,0,1,0.1605,1
12929,0.815,Sigma48_12mar09.7329.7329.3,K.VASHTPSLLRDVFHTTVNFINQNLR.T,P55957.1,0.2604,3.829,0.549,1,2880.2596,128,1,1,0.1434,1
10522,0.814,Sigma48_12mar09.5878.5878.2,R.FC[160.14]VGLQKIEEIFKK.A,P06732.2,0.7692,3.624,0.501,1,1739.0546,245,1,1,0.1382,1
8609,0.814,Sigma48_12mar09.4724.4724.3,R.LGPNYLHIPVNC[160.14]PYR.A,P04040.3,0.4464,3.85,0.413,1,1813.0557,334,1,1,0.1073,1
8600,0.814,Sigma48_12mar09.4719.4719.2,K.ANRPFLVFIR.E,P01008.1,0.7222,1.961,0.199,1,1232.4948,301,1,1,0.1015,1
7047,0.814,Sigma48_12mar09.3778.3778.3,K.SRLQTAPVPMPDLKNVK.S,P10636.4,0.4219,2.918,0.547,1,1894.2634,743,1,1,0.1875,1
11297,0.813,Sigma48_12mar09.6345.6345.2,K.LKAFLASPEYVNLPING.N,P09211.2,0.5625,2.508,0.499,1,1846.1571,132,1,0,0.199,1
1737,0.813,Sigma48_12mar09.10308.10308.3,K.KDPEGLFLQDNIVAEFSVDETGQMSATAK.G,P02753.3,0.3839,6.275,0.672,1,3141.4542,113,1,1,0.1071,1
12635,0.813,Sigma48_12mar09.7151.7151.3,N.TPIFFIRDPILFPSFIHSQK.R,P04040.3,0.2763,3.098,0.381,1,2403.8528,334,0,1,0.123,1
10518,0.813,Sigma48_12mar09.5876.5876.2,R.LQQELMTLMMSGDK.G,O00762,0.7308,3.457,0.508,1,1624.9467,129,1,1,0.1469,1
15800,0.812,Sigma48_12mar09.9063.9063.3,K.KDPEGLFLQDNIVAEFSVDETGQMSATAK.G,P02753.3,0.3304,5.562,0.604,1,3141.4542,113,1,1,0.1086,1
11050,0.812,Sigma48_12mar09.6196.6196.2,R.LIQFHFHWGSLD.G,P00918.2,0.6818,2.846,0.482,1,1499.6922,180,1,0,0.1694,1
1524,0.812,Sigma48_12mar09.10172.10172.3,K.KDPEGLFLQDNIVAEFSVDETGQMSATAK.G,P02753.3,0.3036,5.288,0.601,1,3141.4542,113,1,1,0.1137,1
12668,0.812,Sigma48_12mar09.7172.7172.3,R.VAEGTQVLELPFKGDDITMVLILPKPEK.S,P01008.1,0.2778,5.447,0.636,1,3081.6588,301,1,1,0.1168,1
9688,0.812,Sigma48_12mar09.5375.5375.2,M.PPYTVVYFPVR.G,P09211.2,0.7,2.909,0.565,1,1337.5847,132,0,1,0.1942,1
12947,0.811,Sigma48_12mar09.7340.7340.3,R.SEEDRNRDLATALEQLLQAYPR.D,P55957.1,0.369,4.6,0.658,1,2588.8174,128,1,1,0.143,1
7167,0.811,Sigma48_12mar09.3851.3851.2,K.STPTAEDVTAPLVDEGAPGK.Q,P10636.4,0.5789,3.987,0.643,1,1955.1064,743,1,1,0.1613,1
14178,0.811,Sigma48_12mar09.8082.8082.3,R.VEKFDLVPVPTNLYGDFFTGDAYVILK.T,P06396.1,0.2596,3.83,0.496,1,3061.525,494,1,1,0.1295,1
10638,0.811,Sigma48_12mar09.5948.5948.2,K.AIGAVPLIQGEYMIPC[160.14]EK.V,P07339.1,0.6471,2.765,0.583,1,1989.3241,286,1,1,0.2108,1
4826,0.811,Sigma48_12mar09.2399.2399.3,R.SRTPSLPTPPTREPK.K,P10636.4,0.3929,2.752,0.28,1,1663.8949,743,1,1,0.1017,1
7542,0.81,Sigma48_12mar09.4079.4079.2,G.PFSPNVLNWR.A,P02741.1,0.6667,2.465,0.322,1,1229.4044,138,0,1,0.1306,1
12457,0.81,Sigma48_12mar09.7044.7044.3,G.TQVLELPFKGDDITMVLILPKPEK.S,P01008.1,0.2717,3.884,0.506,1,2725.28,301,0,1,0.1303,1
6961,0.81,Sigma48_12mar09.3726.3726.3,R.AQEGLRPGTLC[160.14]TVAGWGR.V,P08311.2,0.3529,3.62,0.586,1,1929.1326,181,1,1,0.1619,1
13466,0.809,Sigma48_12mar09.7653.7653.2,V.PPEVFTRVSSFLPWIR.T,P08311.2,0.5667,2.55,0.337,1,1931.2682,181,0,1,0.1322,1
14819,0.809,Sigma48_12mar09.8469.8469.2,R.SIPAYLAETLYYAMKGA.G,P08758.2,0.4375,3.112,0.542,1,1862.1713,221,1,0,0.1742,1
15362,0.808,Sigma48_12mar09.8796.8796.3,K.KDPEGLFLQDNIVAEFSVDETGQMSATAK.G,P02753.3,0.2589,4.32,0.52,1,3141.4542,113,1,1,0.1204,1
17294,0.808,Sigma48_12mar09.9974.9974.3,K.KDPEGLFLQDNIVAEFSVDETGQMSATAK.G,P02753.3,0.3482,6.249,0.685,1,3141.4542,113,1,1,0.1096,1
13838,0.808,Sigma48_12mar09.7877.7877.3,K.KDPEGLFLQDNIVAEFSVDETGQMSATAK.G,P02753.3,0.3036,4.724,0.557,1,3141.4542,113,1,1,0.1179,1
7697,0.808,Sigma48_12mar09.4172.4172.3,K.KQGGLGPMNIPLVSDPKR.T,Q06830.1,0.4559,4.515,0.54,1,1907.2622,137,1,1,0.1196,1
8053,0.807,Sigma48_12mar09.4388.4388.3,K.AAFKGDSGGPLLC[160.14]NNVAHGIVSYGK.S,P08311.2,0.4271,5.138,0.567,1,2532.8053,181,1,1,0.1104,1
13088,0.807,Sigma48_12mar09.7425.7425.3,K.TAFQEALDAAGDKLVVVDFSATWC[160.14]GPC[160.14]K.M,P10599.3,0.3056,3.953,0.589,1,3057.3394,63,1,1,0.149,1
10862,0.807,Sigma48_12mar09.6083.6083.2,K.IMNGEADAMSLDGGFVYIAGK.C,P02787.2,0.525,4.364,0.694,1,2159.4573,370,1,1,0.159,1
7850,0.806,Sigma48_12mar09.4265.4265.3,R.C[160.14]IKAFTEC[160.14]C[160.14]VVASQLR.A,P01031.4,0.4,3.094,0.501,1,1942.1415,864,1,1,0.1619,1
8439,0.806,Sigma48_12mar09.4620.4620.3,K.TLTGKTITLEVEPSDTIENVK.A,P62988.1,0.225,2.13,0.222,7,2288.578,43,1,1,0.1042,1
6623,0.806,Sigma48_12mar09.3522.3522.3,K.SRLQTAPVPMPDLKNVK.S,P10636.4,0.3906,3.159,0.357,1,1894.2634,743,1,1,0.113,1
8817,0.806,Sigma48_12mar09.4850.4850.2,M.PPYTVVYFPVR.G,P09211.2,0.85,3.408,0.604,1,1337.5847,132,0,1,0.1772,1
7597,0.806,Sigma48_12mar09.4112.4112.3,R.LQTAPVPMPDLKNVK.S,P10636.4,0.3214,2.126,0.246,1,1650.9977,743,1,1,0.1157,1
6828,0.806,Sigma48_12mar09.3646.3646.3,K.SRLQTAPVPMPDLKNVK.S,P10636.4,0.375,3.267,0.548,1,1894.2634,743,1,1,0.1677,1
1403,0.806,Sigma48_12mar09.10097.10097.3,R.ADIHLVELLYYVEELDSSLISSFPLLK.A,P08263.3,0.2692,3.546,0.528,1,3107.5916,118,1,1,0.1489,1
7373,0.805,Sigma48_12mar09.3975.3975.3,R.AQEGLRPGTLC[160.14]TVAGWGR.V,P08311.2,0.3676,3.506,0.591,1,1929.1326,181,1,1,0.1686,1
5797,0.805,Sigma48_12mar09.3016.3016.3,N.PVGDKLNVITVGPR.G,P04040.3,0.4231,3.16,0.574,1,1464.7288,334,0,1,0.1816,1
6990,0.805,Sigma48_12mar09.3744.3744.2,R.ADLIAYLKK.A,P99999.2,0.6875,1.3,0.345,1,1034.2646,94,1,1,0.2654,1
5316,0.805,Sigma48_12mar09.2718.2718.2,T.GPPEPIEAAVAR.F,P02788.6,0.5455,2.205,0.521,1,1206.3647,329,0,1,0.2363,1
10133,0.804,Sigma48_12mar09.5643.5643.3,R.RAVEKLSVEALNSLTGEFKGKYYPLK.S,P06732.2,0.29,3.473,0.31,1,2941.421,245,1,1,0.0893,1
11718,0.804,Sigma48_12mar09.6600.6600.2,R.TAGWNIPMGLLYNK.I,P02787.2,0.6154,3.072,0.615,1,1577.8621,370,1,1,0.2002,1
9300,0.804,Sigma48_12mar09.5140.5140.2,R.MLVVLLQANRDPDA.G,P08758.2,0.6538,3.315,0.508,1,1554.8254,221,1,0,0.1532,1
7276,0.804,Sigma48_12mar09.3917.3917.2,R.EKVFDVIIR.C,P12081.2,0.75,1.474,0.386,1,1118.3421,281,1,1,0.2619,1
8186,0.804,Sigma48_12mar09.4468.4468.2,P.YTVVYFPVR.G,P09211.2,0.75,1.91,0.468,1,1143.3513,132,0,1,0.245,1
1553,0.803,Sigma48_12mar09.10192.10192.2,R.ADIHLVELLYYVEELDSSLISSFPLLK.A,P08263.3,0.4423,4.226,0.645,1,3107.5916,118,1,1,0.1526,1
5584,0.803,Sigma48_12mar09.2885.2885.2,R.FLFEGQR.I,P63165.1,0.6667,1.454,0.231,9,896.0141,45,1,1,0.1589,1
14260,0.803,Sigma48_12mar09.8132.8132.3,K.KDPEGLFLQDNIVAEFSVDETGQMSATAK.G,P02753.3,0.2857,3.872,0.59,1,3141.4542,113,1,1,0.1524,1
7437,0.802,Sigma48_12mar09.4013.4013.3,R.C[160.14]IKAFTEC[160.14]C[160.14]VVASQLR.A,P01031.4,0.3833,3.223,0.475,1,1942.1415,864,1,1,0.1474,1
15575,0.802,Sigma48_12mar09.8925.8925.3,K.KDPEGLFLQDNIVAEFSVDETGQMSATAK.G,P02753.3,0.2321,4.326,0.514,1,3141.4542,113,1,1,0.1188,1
12802,0.802,Sigma48_12mar09.7253.7253.2,K.ILGGSVLHLVLALRGG.G,Q15843.1,0.4667,2.832,0.532,1,1574.9309,47,1,0,0.1879,1
12551,0.802,Sigma48_12mar09.7101.7101.3,G.GPLDGTYRLIQFHFHWGSLD.G,P00918.2,0.3026,3.647,0.531,1,2359.6292,180,0,0,0.1456,1
16829,0.802,Sigma48_12mar09.9687.9687.3,K.VEKELTPEVLQEWLDELEEMMLVVHMPR.F,P01008.1,0.2685,4.717,0.557,1,3424.003,301,1,1,0.1181,1
5195,0.802,Sigma48_12mar09.2640.2640.2,R.TPSLPTPPTR.E,P10636.4,0.7222,1.817,0.287,1,1066.223,743,1,1,0.158,1
7990,0.802,Sigma48_12mar09.4349.4349.3,R.QMAVREKVFDVIIR.C,P12081.2,0.3846,1.985,0.185,1,1704.0642,281,1,1,0.0932,1
14046,0.802,Sigma48_12mar09.8003.8003.3,K.KDPEGLFLQDNIVAEFSVDETGQMSATAK.G,P02753.3,0.1696,3.394,0.38,2,3141.4542,113,1,1,0.112,1
1432,0.802,Sigma48_12mar09.10114.10114.3,Y.VEELDSSLISSFPLLKALKTR.I,P08263.3,0.375,3.641,0.586,1,2346.7502,118,0,1,0.1609,1
8606,0.802,Sigma48_12mar09.4722.4722.2,P.YTVVYFPVR.G,P09211.2,0.75,1.903,0.357,1,1143.3513,132,0,1,0.1876,1
550,0.802,Sigma48_12mar09.0410.0410.2,K.LHYFNAR.G,P08263.3,0.5833,1.133,0.265,7,920.0391,118,1,1,0.2339,1
11263,0.801,Sigma48_12mar09.6324.6324.2,K.ADGLAVIGVLMK.V,P00915.2,0.8182,3.831,0.572,1,1186.476,160,1,1,0.1493,1
15413,0.801,Sigma48_12mar09.8828.8828.2,G.DMNVILWPIQSGILHF.C,P15559.1,0.5,2.798,0.39,1,1883.239,161,0,0,0.1394,1
11189,0.801,Sigma48_12mar09.6280.6280.2,D.SGLLQGKLALLSVTTG.G,P16083.4,0.4667,2.663,0.516,1,1557.8516,138,0,0,0.1938,1
12339,0.801,Sigma48_12mar09.6974.6974.3,K.KDPEGLFLQDNIVAEFSVDETGQMSATAK.G,P02753.3,0.3482,6.419,0.658,1,3141.4542,113,1,1,0.1025,1
9067,0.801,Sigma48_12mar09.5000.5000.2,R.MLVVLLQANRDPDA.G,P08758.2,0.6923,3.132,0.508,1,1554.8254,221,1,0,0.1622,1
11529,0.801,Sigma48_12mar09.6486.6486.3,R.LLNNWDVC[160.14]ADMVGTFTDTEDPAKFKMK.Y,P02753.3,0.2788,3.721,0.434,1,3147.5314,113,1,1,0.1166,1
10192,0.801,Sigma48_12mar09.5679.5679.2,D.GLAVIGVLMK.V,P00915.2,0.8333,3.143,0.472,1,1000.3086,160,0,1,0.1502,1
8604,0.801,Sigma48_12mar09.4721.4721.2,M.PPYTVVYFPVR.G,P09211.2,0.75,3.481,0.647,1,1337.5847,132,0,1,0.1859,1
13430,0.801,Sigma48_12mar09.7631.7631.2,R.SAGWNIPIGLLYC[160.14]DLPEPR.K,P02787.2,0.6944,4.741,0.684,1,2171.4474,370,1,1,0.1443,1
14746,0.8,Sigma48_12mar09.8424.8424.2,N.DNDNIFLSPLSISTAFAMTK.L,P01008.1,0.1,2.735,0.423,4,2185.4774,301,0,1,0.1547,1
6555,0.8,Sigma48_12mar09.3482.3482.3,R.LQTAPVPMPDLKNVK.S,P10636.4,0.3036,1.829,0.31,1,1650.9977,743,1,1,0.1695,1
7637,0.8,Sigma48_12mar09.4136.4136.3,R.C[160.14]IKAFTEC[160.14]C[160.14]VVASQLR.A,P01031.4,0.4,2.888,0.383,1,1942.1415,864,1,1,0.1326,1
11702,0.8,Sigma48_12mar09.6591.6591.2,K.ALC[160.14]TEKLEQWLC[160.14]EKL.-,P00709.1,0.6071,3.381,0.563,1,1921.1537,54,1,0,0.1665,1
6188,0.799,Sigma48_12mar09.3258.3258.2,R.EKVFDVIIR.C,P12081.2,0.625,1.545,0.228,4,1118.3421,281,1,1,0.1476,1
10680,0.799,Sigma48_12mar09.5973.5973.3,R.LIDRTNANFLVWPPC[160.14]VEVQR.C,P01127.1,0.3026,3.684,0.356,1,2427.7552,120,1,1,0.0966,1
13095,0.799,Sigma48_12mar09.7430.7430.2,A.GDKLVVVDFSATWC[160.14]GPC[160.14]K.M,P10599.3,0.0833,2.561,0.457,1,2039.2484,63,0,1,0.1784,1
13436,0.799,Sigma48_12mar09.7635.7635.2,K.SSGVPPEVFTRVSSFLPWIR.T,P08311.2,0.0833,2.562,0.288,2,2261.6091,181,1,1,0.1124,1
11068,0.798,Sigma48_12mar09.6207.6207.2,R.EVPLNTIIFMGR.V,P01008.1,0.8182,3.266,0.601,1,1389.6764,301,1,1,0.184,1
7742,0.798,Sigma48_12mar09.4199.4199.3,R.LGPNYLHIPVNC[160.14]PYR.A,P04040.3,0.3036,1.825,0.246,1,1813.0557,334,1,1,0.1348,1
11903,0.798,Sigma48_12mar09.6711.6711.3,K.QNC[160.14]ELFEQLGEYKFQNALLVR.Y,P02768.2,0.2875,3.62,0.324,1,2599.8927,262,1,1,0.0895,1
12390,0.797,Sigma48_12mar09.7005.7005.2,R.ISVNNVLPVFDNLMQQK.L,P07339.1,0.0909,2.066,0.462,1,1959.2916,286,1,1,0.2236,1
12301,0.797,Sigma48_12mar09.6951.6951.3,G.GPLDGTYRLIQFHFHWG.S,P00918.2,0.4219,3.829,0.579,1,2044.303,180,0,0,0.1512,1
12500,0.797,Sigma48_12mar09.7071.7071.2,C.LDAFPLLSAYVGR.L,P09211.2,0.5,2.006,0.512,1,1421.6598,132,0,1,0.2552,1
1315,0.797,Sigma48_12mar09.10046.10046.2,S.GNLEQLLLAVVKSIR.S,P08758.2,0.3571,1.754,0.403,1,1652.9988,221,0,1,0.2298,1
13924,0.797,Sigma48_12mar09.7929.7929.3,K.LLNQLQYC[160.14]EEAGIPLVAIIGEQELKDGVIKLR.S,P12081.2,0.2903,5.147,0.588,1,3624.2024,281,1,1,0.1142,1
9504,0.797,Sigma48_12mar09.5264.5264.2,R.MLVVLLQANRDPDA.G,P08758.2,0.7308,3.744,0.543,1,1554.8254,221,1,0,0.145,1
7578,0.797,Sigma48_12mar09.4101.4101.2,K.STPTAEDVTAPLVDEGAPGK.Q,P10636.4,0.6316,4.046,0.672,1,1955.1064,743,1,1,0.1661,1
5606,0.797,Sigma48_12mar09.2898.2898.2,R.TPSLPTPPTR.E,P10636.4,0.6667,1.798,0.419,1,1066.223,743,1,1,0.233,1
10014,0.797,Sigma48_12mar09.5572.5572.2,R.GLFIIDDKGILR.Q,Q06830.1,0.6818,2.36,0.57,1,1359.6323,137,1,1,0.2415,1
7216,0.797,Sigma48_12mar09.3880.3880.3,R.C[160.14]IKAFTEC[160.14]C[160.14]VVASQLR.A,P01031.4,0.3667,2.925,0.381,1,1942.1415,864,1,1,0.1303,1
13042,0.797,Sigma48_12mar09.7397.7397.3,G.EATKQPGITFIAAKFDGILGMAYPR.I,P07339.1,0.2708,4.411,0.594,1,2696.1602,286,0,1,0.1347,1
11362,0.797,Sigma48_12mar09.6384.6384.3,N.TPIFFIRDPILFPSFIHSQKRN.P,P04040.3,0.3452,4.209,0.449,1,2674.1442,334,0,0,0.1067,1
10040,0.797,Sigma48_12mar09.5588.5588.2,G.GSVLHLVLALRGG.G,Q15843.1,0.5833,2.272,0.416,1,1291.5601,47,0,0,0.1831,1
11080,0.797,Sigma48_12mar09.6214.6214.2,V.PLNTIIFMGR.V,P01008.1,0.8889,2.972,0.509,1,1161.4284,301,0,1,0.1713,1
8280,0.797,Sigma48_12mar09.4524.4524.2,G.GFIYEAGLAPYK.L,P02788.6,0.4545,1.746,0.379,2,1328.531,329,0,1,0.2171,1
1421,0.796,Sigma48_12mar09.10108.10108.3,R.ADIHLVELLYYVEELDSSLISSFPLLKALKTR.I,P08263.3,0.3468,6.077,0.688,1,3677.2964,118,1,1,0.1132,1
11886,0.796,Sigma48_12mar09.6701.6701.2,R.DVFHTTVNFINQNLR.T,P55957.1,0.6786,3.215,0.368,1,1818.0226,128,1,1,0.1145,1
10159,0.796,Sigma48_12mar09.5658.5658.3,R.GIWHNDNKSFLVWVNEEDHLR.V,P06732.2,0.375,4.811,0.522,1,2608.8558,245,1,1,0.1085,1
11688,0.795,Sigma48_12mar09.6582.6582.2,K.ALC[160.14]TEKLEQWLC[160.14]EKL.-,P00709.1,0.6071,4.19,0.612,1,1921.1537,54,1,0,0.1461,1
14473,0.795,Sigma48_12mar09.8260.8260.3,K.KDPEGLFLQDNIVAEFSVDETGQMSATAK.G,P02753.3,0.2768,4.825,0.543,1,3141.4542,113,1,1,0.1125,1
9237,0.795,Sigma48_12mar09.5102.5102.2,M.PPYTVVYFPVR.G,P09211.2,0.85,3.501,0.637,1,1337.5847,132,0,1,0.1819,1
6665,0.795,Sigma48_12mar09.3549.3549.2,K.MIFVGIK.K,P99999.2,0.9167,1.789,0.39,1,807.0625,94,1,1,0.218,1
17080,0.795,Sigma48_12mar09.9842.9842.3,K.KDPEGLFLQDNIVAEFSVDETGQMSATAK.G,P02753.3,0.3929,6.486,0.664,1,3141.4542,113,1,1,0.1024,1
9090,0.795,Sigma48_12mar09.5013.5013.3,N.PATAKEIINVGHSFHVNFEDN.D,P00915.2,0.275,3.301,0.395,1,2339.5498,160,0,0,0.1197,1
6910,0.794,Sigma48_12mar09.3696.3696.2,K.STPTAEDVTAPLVDEGAPGK.Q,P10636.4,0.5,3.42,0.609,1,1955.1064,743,1,1,0.1781,1
15159,0.794,Sigma48_12mar09.8674.8674.2,R.LLVVYPWTQRFFESF.G,P68871.2,0.5357,2.889,0.564,1,1932.2524,101,1,0,0.1952,1
3577,0.794,Sigma48_12mar09.1445.1445.2,R.NVNPVALPR.A,P08311.2,0.625,1.673,0.47,1,979.1478,181,1,1,0.2809,1
1582,0.794,Sigma48_12mar09.10211.10211.3,R.ADIHLVELLYYVEELDSSLISSFPLLKALK.T,P08263.3,0.2672,3.795,0.577,1,3420.0039,118,1,1,0.152,1
447,0.794,Sigma48_12mar09.0317.0317.2,R.C[160.14]IKAFTEC[160.14]C[160.14]VVASQLR.A,P01031.4,0.4667,2.796,0.55,1,1942.1415,864,1,1,0.1967,1
10726,0.794,Sigma48_12mar09.6000.6000.3,R.HGAEVIDTPVFELKETLMGK.Y,P12081.2,0.5132,6.153,0.672,1,2214.5622,281,1,1,0.1092,1
16249,0.793,Sigma48_12mar09.9335.9335.3,K.KDPEGLFLQDNIVAEFSVDETGQMSATAK.G,P02753.3,0.3125,5.127,0.686,1,3141.4542,113,1,1,0.1338,1
10144,0.793,Sigma48_12mar09.5650.5650.2,K.HGATVLTALGGILK.K,P02144.2,0.8077,4.41,0.625,1,1350.6249,97,1,1,0.1417,1
1135,0.793,Sigma48_12mar09.0916.0916.2,R.NVNPVALPR.A,P08311.2,0.6875,2.118,0.542,1,979.1478,181,1,1,0.2559,1
17236,0.793,Sigma48_12mar09.9936.9936.3,R.ADIHLVELLYYVEELDSSLISSFPLLK.A,P08263.3,0.1827,2.687,0.258,1,3107.5916,118,1,1,0.096,1
6830,0.793,Sigma48_12mar09.3647.3647.3,K.ATVTLEDHLAC[160.14]KC[160.14]ETVAAARPVT.R,P01127.1,0.4318,5.188,0.577,1,2513.7633,120,1,0,0.1112,1
6399,0.792,Sigma48_12mar09.3387.3387.3,K.SRLQTAPVPMPDLKNVK.S,P10636.4,0.4063,2.903,0.272,1,1894.2634,743,1,1,0.0937,1
10082,0.792,Sigma48_12mar09.5613.5613.2,K.HGATVLTALGGILK.K,P02144.2,0.7692,2.586,0.558,1,1350.6249,97,1,1,0.2158,1
9964,0.792,Sigma48_12mar09.5542.5542.2,K.C[160.14]MPTFQFFK.K,P10599.3,0.75,1.556,0.213,1,1205.4035,63,1,1,0.1369,1
11913,0.792,Sigma48_12mar09.6717.6717.3,R.GLFIIDDKGILRQITVNDLPVGR.S,Q06830.1,0.4205,4.644,0.506,1,2553.0006,137,1,1,0.109,1
13205,0.792,Sigma48_12mar09.7496.7496.3,R.QVFGEATKQPGITFIAAKFDGILGMAYPR.I,P07339.1,0.3125,5.543,0.694,1,3127.652,286,1,1,0.1252,1
13675,0.791,Sigma48_12mar09.7779.7779.3,R.FRIEDGFSLKEQLQDMGLVDLFSPEK.S,P01008.1,0.41,5.94,0.572,1,3042.4542,301,1,1,0.0963,1
9033,0.791,Sigma48_12mar09.4979.4979.2,M.PPYTVVYFPVR.G,P09211.2,0.85,3.255,0.627,1,1337.5847,132,0,1,0.1926,1
13099,0.791,Sigma48_12mar09.7432.7432.2,I.DMVDSPQLATLADEVSASLAK.Q,P10636.4,0.375,3.087,0.537,1,2161.4096,743,0,1,0.174,1
16623,0.791,Sigma48_12mar09.9561.9561.3,K.VEKELTPEVLQEWLDELEEMMLVVHMPR.F,P01008.1,0.1667,2.471,0.362,12,3424.003,301,1,1,0.1465,1
16836,0.79,Sigma48_12mar09.9692.9692.2,W.LDELEEMMLVVHMPR.F,P01008.1,0.6071,4.312,0.637,1,1842.2173,301,0,1,0.1477,1
8663,0.79,Sigma48_12mar09.4757.4757.2,K.QGGLGPMNIPLVSDPKR.T,Q06830.1,0.4688,1.797,0.197,1,1779.0881,137,1,1,0.1096,1
4421,0.79,Sigma48_12mar09.2123.2123.3,R.SRTPSLPTPPTREPK.K,P10636.4,0.375,2.414,0.193,2,1663.8949,743,1,1,0.08,1
6719,0.79,Sigma48_12mar09.3581.3581.2,N.PVGDKLNVITVGPR.G,P04040.3,0.7692,3.843,0.667,1,1464.7288,334,0,1,0.1736,1
12618,0.79,Sigma48_12mar09.7142.7142.2,S.RRGRALSELEGGSHSR.T,Reverse_P01127.1,0.2667,1.914,0.423,46,1767.9259,136,0,1,0.221,-1
16877,0.79,Sigma48_12mar09.9717.9717.3,K.KDPEGLFLQDNIVAEFSVDETGQMSATAK.G,P02753.3,0.3571,6.354,0.706,1,3141.4542,113,1,1,0.1111,1
8384,0.789,Sigma48_12mar09.4588.4588.2,M.PPYTVVYFPVR.G,P09211.2,0.8,3.193,0.633,1,1337.5847,132,0,1,0.1982,1
8136,0.789,Sigma48_12mar09.4438.4438.2,R.LQTAPVPMPDLK.N,P10636.4,0.6818,2.817,0.435,1,1309.5872,743,1,1,0.1544,1
11613,0.789,Sigma48_12mar09.6537.6537.3,N.TPIFFIRDPILFPSFIHSQKRN.P,P04040.3,0.3452,4.014,0.402,1,2674.1442,334,0,0,0.1001,1
11039,0.789,Sigma48_12mar09.6189.6189.3,K.STWLILHHKVYDLTKFLEEHPG.G,P00167.2,0.2381,3.311,0.421,1,2664.0593,57,1,0,0.1272,1
16675,0.789,Sigma48_12mar09.9593.9593.3,K.KDPEGLFLQDNIVAEFSVDETGQMSATAK.G,P02753.3,0.3125,6.468,0.643,1,3141.4542,113,1,1,0.0994,1
16164,0.789,Sigma48_12mar09.9284.9284.3,V.YEDLRYKLSLEFPSGYPYNAPTVK.F,O00762,0.1957,3.016,0.377,2,2851.2085,129,0,1,0.125,1
5329,0.788,Sigma48_12mar09.2726.2726.3,R.TPSLPTPPTREPK.K,P10636.4,0.3542,1.696,0.291,3,1420.6292,743,1,1,0.1716,1
15658,0.788,Sigma48_12mar09.8975.8975.3,R.ISVNNVLPVFDNLMQQKLVDQNIFSFYLSR.D,P07339.1,0.2241,4.171,0.472,1,3543.0986,286,1,1,0.1132,1
10962,0.788,Sigma48_12mar09.6143.6143.2,K.LKAFLASPEYVNLPING.N,P09211.2,0.625,2.937,0.573,1,1846.1571,132,1,0,0.1951,1
16482,0.788,Sigma48_12mar09.9476.9476.3,K.SLAKVEKELTPEVLQEWLDELEEMMLVVHMPR.F,P01008.1,0.3306,6.304,0.664,1,3823.4935,301,1,1,0.1053,1
14689,0.787,Sigma48_12mar09.8390.8390.3,F.SKDWSFYLLYYTEFTPTEKDEYAC[160.14]R.V,P61769.1,0.2292,2.937,0.386,1,3213.4702,76,0,1,0.1314,1
11891,0.787,Sigma48_12mar09.6704.6704.3,R.LLNNWDVC[160.14]ADMVGTFTDTEDPAKFK.M,P02753.3,0.2917,4.971,0.536,1,2888.1648,113,1,1,0.1078,1
7516,0.783,Sigma48_12mar09.4062.4062.2,K.AFTEC[160.14]C[160.14]VVASQLR.A,P01031.4,0.6667,3.898,0.483,1,1540.6692,864,1,1,0.1239,1
5935,0.782,Sigma48_12mar09.3102.3102.2,K.VVDVLDSIKTK.G,P00918.2,0.5,1.071,0.279,7,1216.4411,180,1,1,0.2605,1
8653,0.782,Sigma48_12mar09.4751.4751.2,R.MLVVLLQANRDPDA.G,P08758.2,0.5769,2.495,0.33,1,1554.8254,221,1,0,0.1323,1
11476,0.781,Sigma48_12mar09.6454.6454.2,R.LLNLDGTC[160.14]ADSYSFVFSR.D,P02753.3,0.7059,4.7,0.696,1,2065.2336,113,1,1,0.1481,1
13781,0.78,Sigma48_12mar09.7844.7844.2,K.AVQQPDGLAVLGIFLK.V,P00918.2,0.6333,3.852,0.382,1,1668.9976,180,1,1,0.0992,1
5418,0.78,Sigma48_12mar09.2782.2782.2,R.NVNPVALPR.A,P08311.2,0.75,2.144,0.547,1,979.1478,181,1,1,0.2551,1
4635,0.779,Sigma48_12mar09.2273.2273.3,R.SRTPSLPTPPTREPK.K,P10636.4,0.3393,2.162,0.214,1,1663.8949,743,1,1,0.099,1
6364,0.778,Sigma48_12mar09.3365.3365.3,R.KGKTKIAQLADLVKQLK.P,Reverse_P00915.2,0.3281,1.812,0.222,1,1882.3213,156,1,1,0.1225,-1
1331,0.778,Sigma48_12mar09.10054.10054.3,G.RITDVIPSEAINELTVLVLVNTIYFKGLWK.S,P01008.1,0.2328,4.631,0.496,1,3446.0911,301,0,1,0.1071,1
9050,0.777,Sigma48_12mar09.4989.4989.3,K.DYELLC[160.14]LDGTRKPVEEYANC[160.14]HLAR.A,P02787.2,0.2174,2.248,0.298,3,2923.1646,370,1,1,0.1326,1
7306,0.775,Sigma48_12mar09.3935.3935.2,K.AFTEC[160.14]C[160.14]VVASQLR.A,P01031.4,0.75,3.354,0.496,1,1540.6692,864,1,1,0.1479,1
10929,0.774,Sigma48_12mar09.6123.6123.3,R.LLNLDGTC[160.14]ADSYSFVFSRDPNGLPPEAQK.I,P02753.3,0.3393,4.882,0.512,1,3212.4865,113,1,1,0.1049,1
9411,0.773,Sigma48_12mar09.5206.5206.3,K.HVVPNEVVVQRLFQVK.G,P06396.1,0.35,2.014,0.195,1,1891.2474,494,1,1,0.0968,1
7033,0.772,Sigma48_12mar09.3770.3770.3,K.ATVTLEDHLAC[160.14]KC[160.14]ETVAAARPVT.R,P01127.1,0.4205,5.799,0.581,1,2513.7633,120,1,0,0.1002,1
7157,0.772,Sigma48_12mar09.3844.3844.3,R.IQKELADITLDPPPNC[160.14]SAGPK.G,P51965.1,0.3375,2.228,0.151,1,2264.5274,113,1,1,0.0678,1
6909,0.772,Sigma48_12mar09.3695.3695.3,K.RIQKELADITLDPPPNC[160.14]SAGPK.G,P51965.1,0.3333,3.362,0.217,2,2420.7149,113,1,1,0.0645,1
11106,0.77,Sigma48_12mar09.6230.6230.2,S.GLLQGKLALLSVTTG.G,P16083.4,0.4643,2.323,0.427,1,1470.7734,138,0,0,0.1838,1
5604,0.77,Sigma48_12mar09.2897.2897.2,R.QITVNDLPVGR.S,Q06830.1,0.55,1.519,0.22,7,1211.3842,137,1,1,0.1448,1
428,0.769,Sigma48_12mar09.0305.0305.2,R.SGYSSPGSPGTPGSR.S,P10636.4,0.3571,1.396,0.363,8,1393.4332,743,1,1,0.26,1
6722,0.767,Sigma48_12mar09.3582.3582.3,R.IQKELADITLDPPPNC[160.14]SAGPK.G,P51965.1,0.4,3.787,0.314,1,2264.5274,113,1,1,0.0829,1
12444,0.767,Sigma48_12mar09.7037.7037.2,R.LSNMPVGQRQC[160.14]YSEK.L,Reverse_P63165.1,0.2857,1.734,0.297,37,1796.9826,36,1,1,0.1713,-1
13996,0.765,Sigma48_12mar09.7973.7973.3,N.TPIFFIRDPILFPSFIH.S,P04040.3,0.5313,4.865,0.563,1,2060.4698,334,0,0,0.1157,1
11608,0.765,Sigma48_12mar09.6534.6534.2,K.LVSELWDAGIKAELLYK.K,P12081.2,0.0833,2.054,0.348,1,1948.2903,281,1,1,0.1694,1
7322,0.764,Sigma48_12mar09.3945.3945.2,K.TGPNLHGLFGR.K,P99999.2,0.65,2.257,0.597,1,1168.3213,94,1,1,0.2645,1
13584,0.764,Sigma48_12mar09.7724.7724.3,K.SSGVPPEVFTRVSSFLPWIR.T,P08311.2,0.3553,1.417,0.392,1,2261.6091,181,1,1,0.2766,1
9631,0.763,Sigma48_12mar09.5340.5340.3,K.KILDIKGIDYWLAHK.A,P00709.1,0.375,1.982,0.169,1,1813.1735,54,1,1,0.0853,1
7182,0.762,Sigma48_12mar09.3860.3860.3,R.LQTAPVPMPDLKNVK.S,P10636.4,0.3214,2.361,0.192,3,1650.9977,743,1,1,0.0813,1
7509,0.762,Sigma48_12mar09.4058.4058.2,K.MIFVGIK.K,P99999.2,0.5833,1.102,0.333,17,807.0625,94,1,1,0.3022,1
9697,0.762,Sigma48_12mar09.5380.5380.3,R.AVEKLSVEALNSLTGEFKGK.Y,P06732.2,0.2763,2.082,0.179,1,2120.4314,245,1,1,0.086,1
6836,0.762,Sigma48_12mar09.3651.3651.3,N.PVGDKLNVITVGPR.G,P04040.3,0.5,4.318,0.508,1,1464.7288,334,0,1,0.1176,1
9947,0.762,Sigma48_12mar09.5531.5531.2,R.MLVVLLQANRDPDA.G,P08758.2,0.6538,2.14,0.392,1,1554.8254,221,1,0,0.1832,1
1125,0.762,Sigma48_12mar09.0909.0909.2,R.DWPDAR.G,P06732.2,0.7,1.105,0.247,2,758.7893,245,1,1,0.2235,1
4445,0.759,Sigma48_12mar09.2141.2141.2,K.IASLLNVK.T,Reverse_P01375.1,0.5714,1.778,0.201,31,857.0617,148,1,1,0.113,-1
10127,0.759,Sigma48_12mar09.5639.5639.3,K.KVPQVSTPTLVEVSRNLGK.V,P02768.2,0.2917,1.819,0.233,1,2052.4026,262,1,1,0.1281,1
14333,0.757,Sigma48_12mar09.8176.8176.2,R.LLVVYPWTQRFFESF.G,P68871.2,0.4643,2.439,0.35,1,1932.2524,101,1,0,0.1435,1
10828,0.757,Sigma48_12mar09.6063.6063.2,G.PRGPLLVQDVVF.T,P04040.3,0.5,2.606,0.541,1,1339.6011,334,0,0,0.2076,1
14988,0.756,Sigma48_12mar09.8571.8571.3,M.APHRPAPALLC[160.14]ALSLALC[160.14]ALSLPV.R,P06396.1,0.2717,2.917,0.43,1,2511.9666,494,0,0,0.1474,1
5716,0.756,Sigma48_12mar09.2966.2966.3,K.SRLQTAPVPMPDLK.N,P10636.4,0.3462,1.781,0.262,4,1552.8529,743,1,1,0.1471,1
11871,0.755,Sigma48_12mar09.6692.6692.3,K.SMTEKEQQQLIDDHFLFDKPVSP.L,P06732.2,0.25,3.074,0.338,1,2733.0455,245,1,0,0.11,1
5675,0.754,Sigma48_12mar09.2940.2940.3,R.KDHPFGFVAVPTK.N,P63279.1,0.375,1.991,0.167,3,1442.6812,76,1,1,0.0839,1
6788,0.749,Sigma48_12mar09.3622.3622.3,G.RKVPC[160.14]VGLSIGVER.I,P12081.2,0.3462,2.171,0.342,4,1569.8345,281,0,1,0.1575,1
6859,0.746,Sigma48_12mar09.3665.3665.2,R.TIAQDYGVLK.A,Q06830.1,0.5,1.454,0.228,3,1107.2725,137,1,1,0.1568,1
9028,0.74,Sigma48_12mar09.4976.4976.3,P.KFQLFGSPSGQKDLLFKDSA.I,P02788.6,0.3553,3.412,0.355,1,2213.5187,329,0,0,0.104,1
6257,0.738,Sigma48_12mar09.3300.3300.2,T.GPPEPIEAAVAR.F,P02788.6,0.6364,1.741,0.35,1,1206.3647,329,0,1,0.201,1
10573,0.736,Sigma48_12mar09.5908.5908.3,K.FLTPC[160.14]YHPNVDTQGNIC[160.14]LDILK.E,O00762,0.381,4.452,0.424,1,2618.902,129,1,1,0.0952,1
13971,0.733,Sigma48_12mar09.7958.7958.3,K.LLNQLQYC[160.14]EEAGIPLVAIIGEQELKDGVIK.L,P12081.2,0.2845,4.751,0.463,1,3354.8555,281,1,1,0.0975,1
5843,0.733,Sigma48_12mar09.3046.3046.2,K.MIFVGIK.K,P99999.2,0.6667,1.276,0.22,4,807.0625,94,1,1,0.1724,1
5821,0.731,Sigma48_12mar09.3033.3033.2,R.NVNPVALPR.A,P08311.2,0.8125,2.222,0.591,1,979.1478,181,1,1,0.266,1
15421,0.73,Sigma48_12mar09.8832.8832.2,T.SGNLEQLLLAVVKSIR.S,P08758.2,0.4333,1.905,0.334,1,1740.077,221,0,1,0.1753,1
12259,0.721,Sigma48_12mar09.6926.6926.3,K.DQGGELLSLRYDLTVPFAR.Y,P12081.2,0.3333,1.976,0.177,1,2150.4197,281,1,1,0.0896,1
5538,0.715,Sigma48_12mar09.2856.2856.2,T.GPPEPIEAAVAR.F,P02788.6,0.5455,1.693,0.353,1,1206.3647,329,0,1,0.2085,1
6546,0.711,Sigma48_12mar09.3477.3477.2,K.VLDALQAIK.T,P00915.2,0.625,1.324,0.216,2,970.1778,160,1,1,0.1631,1
9212,0.709,Sigma48_12mar09.5086.5086.3,R.KPPMDEKSLEEARKIFRF.-,P08263.3,0.3235,2.366,0.391,1,2221.6031,118,1,0,0.1653,1
9759,0.708,Sigma48_12mar09.5418.5418.2,K.C[160.14]MPTFQFFK.K,P10599.3,0.75,1.049,0.214,1,1205.4035,63,1,1,0.204,1
8083,0.707,Sigma48_12mar09.4406.4406.3,K.GDSGGPLLC[160.14]NNVAHGIVSYGK.S,P08311.2,0.2625,2.105,0.161,2,2115.297,181,1,1,0.0765,1
5105,0.704,Sigma48_12mar09.2584.2584.3,K.HPKFEEILTR.L,P06732.2,0.4722,1.631,0.207,1,1269.4667,245,1,1,0.1269,1
617,0.702,Sigma48_12mar09.0467.0467.2,K.FLQPGSPR.K,P08263.3,0.5,1.428,0.224,3,901.0336,118,1,1,0.1569,1
11326,0.698,Sigma48_12mar09.6363.6363.2,S.GLLQGKLALLSVTT.G,P16083.4,0.4615,2.216,0.415,2,1413.7215,138,0,0,0.1873,1
10969,0.695,Sigma48_12mar09.6147.6147.3,R.GPLLVQDVVFTDEMAHFDRER.I,P04040.3,0.1875,2.024,0.259,46,2474.7742,334,1,1,0.128,1
12641,0.689,Sigma48_12mar09.7155.7155.3,S.LYLTAFTVIGIRKAFDIC[160.14]PLVKIDT.A,P01031.4,0.1875,3.105,0.43,6,2868.4193,864,0,0,0.1385,1
8157,0.688,Sigma48_12mar09.4450.4450.3,K.GAGAFGYFEVTHDITKYSK.A,P04040.3,0.2361,1.856,0.229,4,2091.308,334,1,1,0.1234,1
11731,0.687,Sigma48_12mar09.6608.6608.3,T.GLDFIPGLHPILTLSK.M,P41159.1,0.3667,2.273,0.323,1,1721.0734,100,0,1,0.1421,1
13705,0.686,Sigma48_12mar09.7797.7797.3,K.AVANFFSGSC[160.14]APC[160.14]ADGTDFPQLC[160.14]QLC[160.14]PGC[160.14]GC[160.14]STLNQYFGYSGAFK.C,P02787.2,0.1705,2.753,0.538,1,4990.224,370,1,1,0.1954,1
6218,0.679,Sigma48_12mar09.3276.3276.2,R.GIVEEC[160.14]C[160.14]FR.S,P01344.1,0.625,1.692,0.18,1,1169.2324,102,1,1,0.1064,1
7297,0.675,Sigma48_12mar09.3929.3929.3,R.ADLIAYLKK.A,P99999.2,0.4063,1.797,0.188,2,1034.2646,94,1,1,0.1046,1
469,0.668,Sigma48_12mar09.0330.0330.2,R.AQEGLRPGTLC[160.14]TVAGWGR.V,P08311.2,0.1111,1.764,0.331,5,1929.1326,181,1,1,0.1876,1
6349,0.666,Sigma48_12mar09.3357.3357.2,K.DSGFQMNQLR.G,P02787.2,0.6111,0.995,0.236,1,1195.316,370,1,1,0.2372,1
10333,0.651,Sigma48_12mar09.5764.5764.2,R.TIQNDIMLLQLSR.R,P08311.2,0.3333,1.748,0.203,12,1544.8303,181,1,1,0.1161,1
13087,0.646,Sigma48_12mar09.7425.7425.2,A.GDKLVVVDFSATWC[160.14]GPC[160.14]K.M,P10599.3,0.1,1.792,0.438,1,2039.2484,63,0,1,0.2444,1
13083,0.636,Sigma48_12mar09.7422.7422.2,P.KMLAVILKEFKGTLESK.L,Reverse_P08758.2,0.1111,2.09,0.387,8,1935.3966,194,0,1,0.1852,-1
2378,0.636,Sigma48_12mar09.10767.10767.1,K.ASFK.-,P00918.2,0.6667,0.733,0.262,2,451.5236,180,1,1,0.3574,1
10212,0.635,Sigma48_12mar09.5691.5691.3,K.AFLEVNEEGSEAAASTAVVIAGR.S,P01008.1,0.2614,1.829,0.217,1,2291.5004,301,1,1,0.1186,1
10019,0.632,Sigma48_12mar09.5574.5574.3,N.PKLQKVLDALQAIK.T,P00915.2,0.5,2.514,0.291,1,1564.9328,160,0,1,0.1158,1
14772,0.625,Sigma48_12mar09.8440.8440.3,K.VLLSIC[160.14]SLLTDC[160.14]NPADPLVGSIATQYMTNR.A,P51965.1,0.2155,2.759,0.16,1,3323.739,113,1,1,0.058,1
108,0.619,Sigma48_12mar09.0081.0081.2,R.TIAQDYGVLKADEGISFR.G,Q06830.1,0.3824,1.668,0.2,1,1983.209,137,1,1,0.1199,1
17077,0.615,Sigma48_12mar09.9840.9840.2,S.GNLEQLLLAVVKSIR.S,P08758.2,0.4643,2.36,0.297,1,1652.9988,221,0,1,0.1258,1
10358,0.611,Sigma48_12mar09.5778.5778.3,R.NIC[160.14]DISC[160.14]DKFLDDDITDDIMC[160.14]AKK.I,P00709.1,0.3587,5.94,0.387,1,2906.107,54,1,1,0.0652,1
9741,0.61,Sigma48_12mar09.5406.5406.3,K.AFLEVNEEGSEAAASTAVVIAGR.S,P01008.1,0.2045,2.044,0.184,6,2291.5004,301,1,1,0.09,1
6863,0.608,Sigma48_12mar09.3668.3668.2,P.MNIPLVSDPKR.T,Q06830.1,0.45,1.91,0.311,1,1269.5255,137,0,1,0.1628,1
560,0.597,Sigma48_12mar09.0418.0418.3,R.SRTPSLPTPPTREPK.K,P10636.4,0.3214,1.95,0.206,3,1663.8949,743,1,1,0.1056,1
9180,0.591,Sigma48_12mar09.5067.5067.3,K.KGQKVGEFSGANKEKLEATINELV.-,P10599.3,0.25,2.692,0.324,1,2589.9292,63,1,0,0.1204,1
12182,0.59,Sigma48_12mar09.6880.6880.2,K.SIVTLDGGKLVHLQK.W,P05413.4,0.4643,1.59,0.192,1,1607.9145,69,1,1,0.1208,1
11076,0.585,Sigma48_12mar09.6212.6212.2,S.PKFQLFGSPSGQK.D,P02788.6,0.4167,1.763,0.33,1,1420.6317,329,0,1,0.1872,1
1614,0.585,Sigma48_12mar09.10233.10233.3,K.DNWSPALTISKVLLSIC[160.14]SLLTDC[160.14]NPADPLVGSIATQYMTNR.A,P51965.1,0.2687,5.645,0.749,1,4537.0946,113,1,1,0.1327,1
8804,0.58,Sigma48_12mar09.4841.4841.3,K.GLTEGLHGFHVHEFGDNTAGC[160.14]TSAGPHFNPLSR.K,P00441.2,0.3672,7.784,0.636,1,3520.7484,111,1,1,0.0817,1
6801,0.576,Sigma48_12mar09.3630.3630.2,R.LQTAPVPMPDLK.N,P10636.4,0.7273,2.222,0.12,1,1309.5872,743,1,1,0.054,1
16320,0.568,Sigma48_12mar09.9378.9378.2,H.GDMNVILWPIQSGILHF.C,P15559.1,0.4063,2.313,0.399,1,1940.291,161,0,0,0.1725,1
9874,0.559,Sigma48_12mar09.5487.5487.3,R.KAYWQVHLDQVEVASGLTLC[160.14]K.E,P07339.1,0.2125,2.04,0.18,5,2445.7674,286,1,1,0.0882,1
14471,0.554,Sigma48_12mar09.8259.8259.3,R.HLSNVSSTGSIDMVDSPQLATLADEVSASLAKQGL.-,P10636.4,0.3162,5.315,0.674,1,3542.9178,743,1,0,0.1268,1
10527,0.543,Sigma48_12mar09.5880.5880.3,K.VEVQGGGPKHHINGLSGC[160.14]KSTVK.S,Reverse_P10636.4,0.2159,2.301,0.18,3,2389.6635,608,1,1,0.0782,-1
5640,0.539,Sigma48_12mar09.2920.2920.2,K.MIFVGIK.K,P99999.2,0.75,1.056,0.201,1,807.0625,94,1,1,0.1903,1
5925,0.528,Sigma48_12mar09.3096.3096.2,L.GKEGVMENK.V,Reverse_P12081.2,0.6875,1.913,0.295,1,991.1278,275,0,1,0.1542,-1
12374,0.507,Sigma48_12mar09.6995.6995.2,K.GLGTDEESILTLLTSR.S,P08758.2,0.4,1.639,0.194,1,1704.8956,221,1,1,0.1184,1
8988,0.483,Sigma48_12mar09.4952.4952.3,R.KPPMDEKSLEEARKIFRF.-,P08263.3,0.2647,2.246,0.383,2,2221.6031,118,1,0,0.1705,1
13222,0.474,Sigma48_12mar09.7506.7506.2,K.VLKSHGQDYLVGNKLSR.A,P08263.3,0.1429,1.557,0.334,104,1914.1954,118,1,1,0.2145,1
11075,0.468,Sigma48_12mar09.6210.6210.3,R.LLNLDGTC[160.14]ADSYSFVFSRDP.N,P02753.3,0.2763,2.478,0.335,1,2277.4389,113,1,0,0.1352,1
475,0.453,Sigma48_12mar09.0335.0335.2,K.FLQPGSPR.K,P08263.3,0.5714,1.247,0.203,10,901.0336,118,1,1,0.1628,1
330,0.429,Sigma48_12mar09.0234.0234.2,K.FIKELR.V,P10145.1,0.8,1.687,0.16,4,804.9884,43,1,1,0.0948,1
14939,0.424,Sigma48_12mar09.8541.8541.2,H.GDMNVILWPIQSGILHF.C,P15559.1,0.4375,2.529,0.352,1,1940.291,161,0,0,0.1392,1
13100,0.418,Sigma48_12mar09.7432.7432.3,R.HLSNVSSTGSIDMVDSPQLATLADEVSASLAK.Q,P10636.4,0.3145,7.189,0.698,1,3244.5757,743,1,1,0.0971,1
5920,0.405,Sigma48_12mar09.3093.3093.3,K.HPKFEEILTRLR.L,P06732.2,0.2955,1.546,0.227,8,1538.8136,245,1,1,0.1468,1
14592,0.353,Sigma48_12mar09.8332.8332.2,R.LC[160.14]ENIAGHLKDAQIFIQKK.A,P04040.3,0.1111,1.683,0.295,15,2226.5707,334,1,1,0.1753,1
8577,0.347,Sigma48_12mar09.4704.4704.2,R.LGPNYLHIPVN.C,P04040.3,0.55,2.137,0.299,1,1236.4368,334,1,0,0.1399,1
5016,0.326,Sigma48_12mar09.2525.2525.3,R.SRTPSLPTPPTREPK.K,P10636.4,0.3036,2.087,0.166,5,1663.8949,743,1,1,0.0795,1
502,0.323,Sigma48_12mar09.0357.0357.2,R.NVNPVALPR.A,P08311.2,0.5625,1.126,0.204,6,979.1478,181,1,1,0.1812,1
11996,0.305,Sigma48_12mar09.6768.6768.2,R.GISLANWMC[160.14]LAK.W,P61626.1,0.4091,1.294,0.215,10,1363.6044,86,1,1,0.1662,1
12044,0.3,Sigma48_12mar09.6797.6797.2,K.LKAFLASPEYVNLPIN.G,P09211.2,0.5333,2.502,0.229,1,1789.1052,132,1,0,0.0915,1
6875,0.296,Sigma48_12mar09.3675.3675.2,K.MIFVGIK.K,P99999.2,0.5833,1.048,0.202,11,807.0625,94,1,1,0.1927,1
11047,0.286,Sigma48_12mar09.6194.6194.3,R.NIC[160.14]DISC[160.14]DKFLDDDITDDIMC[160.14]AK.K,P00709.1,0.2386,2.103,0.14,1,2777.9329,54,1,1,0.0666,1
6475,0.274,Sigma48_12mar09.3434.3434.2,K.AFVFPK.E,P02741.1,0.5,1.082,0.214,17,707.8712,138,1,1,0.1978,1
12314,0.263,Sigma48_12mar09.6959.6959.2,R.VFIGEFAYTYAAMYDKG.P,P15559.1,0.1,2.27,0.382,1,1946.205,161,1,0,0.1683,1
6878,0.25,Sigma48_12mar09.3676.3676.3,K.HPKFEEILTRLR.L,P06732.2,0.4091,1.772,0.161,1,1538.8136,245,1,1,0.0909,1
9454,0.221,Sigma48_12mar09.5232.5232.2,R.VAEGTQVLELPFK.G,P01008.1,0.5,1.417,0.196,1,1430.6647,301,1,1,0.1383,1
13548,0.193,Sigma48_12mar09.7702.7702.2,A.GDKLVVVDFSATWC[160.14]GPC[160.14]K.M,P10599.3,0.4118,1.832,0.304,1,2039.2484,63,0,1,0.1659,1
6973,0.175,Sigma48_12mar09.3734.3734.3,R.LQTAPVPMPDLKNVK.S,P10636.4,0.3036,2.001,0.173,5,1650.9977,743,1,1,0.0865,1
1128,0.172,Sigma48_12mar09.0910.0910.3,R.SRTPSLPTPPTREPK.K,P10636.4,0.3214,2.002,0.17,9,1663.8949,743,1,1,0.0849,1
8029,0.118,Sigma48_12mar09.4373.4373.3,H.LC[160.14]MC[160.14]AEGYALSR.D,P01133.1,0.3864,2.089,0.304,8,1430.5716,647,0,1,0.1455,1
14838,0.053,Sigma48_12mar09.8480.8480.3,V.PMVEIDGMKLVQTRAILNYIASKYNLYGK.D,P08263.3,0.2143,3.194,0.278,1,3329.9643,118,0,1,0.087,1
4625,-0.032,Sigma48_12mar09.2267.2267.2,K.IASLLNVK.T,Reverse_P01375.1,0.6429,1.468,0.17,6,857.0617,148,1,1,0.1158,-1
16872,-0.088,Sigma48_12mar09.9714.9714.2,K.VERLKQVLLHQQAKFGR.N,P02788.6,0.125,1.58,0.264,13,2050.4385,329,1,1,0.1671,1
5064,-0.103,Sigma48_12mar09.2559.2559.2,R.TANAQGK.Q,Reverse_P10636.4,0.6667,1.552,0.19,7,688.7392,608,1,1,0.1224,-1
230,-0.123,Sigma48_12mar09.0165.0165.3,R.NVQC[160.14]RPTQVQLRPVQVR.K,P01127.1,0.2656,1.862,0.148,7,2078.372,120,1,1,0.0795,1
13745,-0.185,Sigma48_12mar09.7822.7822.2,T.SGNLEQLLLAVVK.S,P08758.2,0.5417,1.417,0.343,1,1383.6518,221,0,1,0.2421,1
9622,-0.204,Sigma48_12mar09.5336.5336.2,L.PDNFPRYPVGK.F,P01344.1,0.5,1.951,0.262,1,1289.457,102,0,1,0.1343,1
7083,-0.224,Sigma48_12mar09.3800.3800.3,K.HPKFEEILTRLR.L,P06732.2,0.3864,1.595,0.178,1,1538.8136,245,1,1,0.1116,1
12019,-0.235,Sigma48_12mar09.6782.6782.3,E.C[160.14]C[160.14]FRSC[160.14]DLALLETYC[160.14]ATPAK.S,P01344.1,0.1842,2.209,0.338,108,2436.609,102,0,1,0.153,1
13469,-0.264,Sigma48_12mar09.7654.7654.3,R.FRIEDGFSLKEQLQDMGLVDLFSPEK.S,P01008.1,0.21,2.366,0.119,1,3042.4542,301,1,1,0.0503,1
8799,-0.284,Sigma48_12mar09.4839.4839.2,Y.PRISVNNVLPVFDNLMQQK.L,P07339.1,0.4444,2.665,0.267,1,2212.5957,286,0,1,0.1002,1
9295,-0.289,Sigma48_12mar09.5136.5136.3,K.DYELLC[160.14]LDGTRKPVEEYANC[160.14]HLAR.A,P02787.2,0.2283,2.135,0.144,4,2923.1646,370,1,1,0.0674,1
7495,-0.304,Sigma48_12mar09.4049.4049.2,R.EKVFDVIIR.C,P12081.2,0.5625,1.406,0.178,13,1118.3421,281,1,1,0.1266,1
8639,-0.311,Sigma48_12mar09.4742.4742.3,R.VVRDPQGIRAWVAWR.N,P61626.1,0.2857,1.949,0.117,6,1809.1074,86,1,1,0.06,1
7351,-0.316,Sigma48_12mar09.3962.3962.3,K.THPQFRSIVSALKR.E,P01031.4,0.3654,1.603,0.212,1,1639.9217,864,1,1,0.1323,1
9724,-0.337,Sigma48_12mar09.5397.5397.2,N.PKLQKVLDALQAIK.T,P00915.2,0.6154,2.614,0.128,1,1564.9328,160,0,1,0.049,1
415,-0.341,Sigma48_12mar09.0296.0296.2,M.SGIALSR.L,P63279.1,0.6667,1.514,0.333,2,702.8094,76,0,1,0.2199,1
4726,-0.343,Sigma48_12mar09.2334.2334.3,K.HPKFEEILTR.L,P06732.2,0.4167,1.39,0.193,2,1269.4667,245,1,1,0.1388,1
11317,-0.357,Sigma48_12mar09.6357.6357.2,S.GLLQGKLALLSVTTG.G,P16083.4,0.4643,1.861,0.399,1,1470.7734,138,0,0,0.2144,1
16859,-0.376,Sigma48_12mar09.9706.9706.1,A.APAS.A,P07339.1,0.1667,0.222,0.469,5,344.3684,286,0,0,2.1126,1
16658,-0.379,Sigma48_12mar09.9584.9584.2,K.GGMSRAVVTHSPVQALHC[160.14]DKYEDVPK.R,Reverse_P02787.2,0.125,1.429,0.303,20,2882.2104,387,1,1,0.212,-1
4100,-0.383,Sigma48_12mar09.1888.1888.2,K.IASLLNVK.T,Reverse_P01375.1,0.5714,1.065,0.184,14,857.0617,148,1,1,0.1728,-1
5989,-0.394,Sigma48_12mar09.3136.3136.2,R.FLFEGQR.I,P63165.1,0.75,1.354,0.149,1,896.0141,45,1,1,0.11,1
12262,-0.428,Sigma48_12mar09.6928.6928.2,K.NYMDAQYYGEIGIG.T,P07339.1,0.5,1.984,0.295,1,1593.7284,286,1,0,0.1487,1
6403,-0.434,Sigma48_12mar09.3389.3389.3,K.IGSLDNITHVPGGGNK.K,P10636.4,0.3,2.042,0.135,1,1578.7459,743,1,1,0.0661,1
9167,-0.439,Sigma48_12mar09.5060.5060.2,R.LGPNYLHIPVN.C,P04040.3,0.5,2.002,0.273,2,1236.4368,334,1,0,0.1364,1
16224,-0.443,Sigma48_12mar09.9320.9320.3,R.ERDFHAMEDTFVVDQVLLPGRPGVTIVNLK.D,Reverse_P04040.3,0.181,2.155,0.15,2,3396.9098,274,1,1,0.0696,-1
10864,-0.447,Sigma48_12mar09.6084.6084.2,R.VSSFLPWIR.T,P08311.2,0.5,1.031,0.188,3,1104.3177,181,1,1,0.1823,1
6320,-0.457,Sigma48_12mar09.3339.3339.3,K.TGPNLHGLFGR.K,P99999.2,0.35,1.865,0.117,1,1168.3213,94,1,1,0.0627,1
5378,-0.458,Sigma48_12mar09.2757.2757.2,K.ALELFR.K,P02144.2,0.7,1.03,0.168,8,747.8931,97,1,1,0.1631,1
9453,-0.461,Sigma48_12mar09.5231.5231.3,N.PKLQKVLDALQAIK.T,P00915.2,0.4808,2.549,0.191,1,1564.9328,160,0,1,0.0749,1
1409,-0.467,Sigma48_12mar09.10101.10101.2,E.LDSSLISSFPLLKALKTR.I,P08263.3,0.4118,2.531,0.247,1,1989.3867,118,0,1,0.0976,1
13913,-0.478,Sigma48_12mar09.7923.7923.2,C.TNAELVKGRQYLIMGK.E,P01031.4,0.2,1.906,0.353,359,1821.1687,864,0,1,0.1852,1
7551,-0.482,Sigma48_12mar09.4084.4084.3,K.STPTAEDVTAPLVDEGAPGK.Q,P10636.4,0.25,1.941,0.174,23,1955.1064,743,1,1,0.0896,1
8786,-0.487,Sigma48_12mar09.4830.4830.3,R.KPPMDEKSLEEARKIFRF.-,P08263.3,0.3088,2.474,0.249,1,2221.6031,118,1,0,0.1006,1
13159,-0.488,Sigma48_12mar09.7468.7468.3,K.TAADYKILGGSVLHLVLALRGG.G,Q15843.1,0.2143,2.171,0.33,1,2224.6322,47,1,0,0.152,1
9971,-0.505,Sigma48_12mar09.5546.5546.3,R.GLFIIDDKGILR.Q,Q06830.1,0.3864,1.62,0.158,1,1359.6323,137,1,1,0.0975,1
78,-0.505,Sigma48_12mar09.0060.0060.1,R.IPAK.T,P10636.4,0.6667,0.694,0.204,20,427.5449,743,1,1,0.2939,1
736,-0.506,Sigma48_12mar09.0591.0591.2,R.ISLGPR.C,P01031.4,0.7,1.026,0.209,4,641.7691,864,1,1,0.2037,1
8829,-0.515,Sigma48_12mar09.4857.4857.2,R.FATTFYQHLADSK.N,P01008.1,0.4583,1.656,0.149,2,1528.6849,301,1,1,0.09,1
7936,-0.516,Sigma48_12mar09.4317.4317.3,K.TFIIGELHPDDRPKLN.K,P00167.2,0.35,2.33,0.232,1,1865.1198,57,1,0,0.0996,1
5791,-0.52,Sigma48_12mar09.3012.3012.3,R.AQEGLRPGTLC[160.14]TVAGWGR.V,P08311.2,0.2206,1.835,0.155,63,1929.1326,181,1,1,0.0845,1
9737,-0.532,Sigma48_12mar09.5404.5404.3,W.EALGGKAAYRTSPRL.K,P06396.1,0.3571,1.994,0.418,1,1589.8155,494,0,0,0.2096,1
9866,-0.537,Sigma48_12mar09.5482.5482.3,S.ASKKVVAVAFYGA.E,Reverse_P02787.2,0.3542,1.968,0.409,9,1310.5596,387,0,0,0.2078,-1
8180,-0.558,Sigma48_12mar09.4464.4464.2,R.YTGDLPGGK.L,Reverse_P00918.2,0.4375,1.238,0.187,14,906.9915,142,1,1,0.1511,-1
6778,-0.591,Sigma48_12mar09.3616.3616.3,K.C[160.14]STSSLLEAC[160.14]TFRRP.-,P02787.2,0.3214,1.959,0.352,1,1784.9196,370,1,0,0.1797,1
3147,-0.592,Sigma48_12mar09.11493.11493.1,I.PGH.G,P02144.2,1,0.312,0.338,1,309.3256,97,0,0,1.0833,1
8705,-0.594,Sigma48_12mar09.4782.4782.2,G.GPFSPNVLNWR.A,P02741.1,0.5,1.724,0.266,1,1286.4563,138,0,1,0.1543,1
462,-0.597,Sigma48_12mar09.0326.0326.3,K.AAFKGDSGGPLLC[160.14]NNVAHGIVSYGK.S,P08311.2,0.1875,2.539,0.026,28,2532.8053,181,1,1,0.0102,1
7752,-0.607,Sigma48_12mar09.4205.4205.3,K.VLTLELYKKLR.D,P06732.2,0.35,1.569,0.17,9,1375.7184,245,1,1,0.1083,1
8585,-0.607,Sigma48_12mar09.4709.4709.2,Y.PRISVNNVLPVFDNLMQQK.L,P07339.1,0.4167,2.753,0.223,1,2212.5957,286,0,1,0.081,1
16003,-0.609,Sigma48_12mar09.9188.9188.2,R.YKLSLEFPSGYPYNAPTVK.F,O00762,0.0833,1.696,0.182,1,2174.4815,129,1,1,0.1073,1
5015,-0.611,Sigma48_12mar09.2525.2525.2,R.ALIVLAHSER.T,P15559.1,0.5556,1.092,0.17,6,1108.3066,161,1,1,0.1557,1
455,-0.617,Sigma48_12mar09.0322.0322.2,R.TIAQDYGVLKADEGISFR.G,Q06830.1,0.125,1.872,0.149,65,1983.209,137,1,1,0.0796,1
16213,-0.618,Sigma48_12mar09.9314.9314.2,R.YKLSLEFPSGYPYNAPTVK.F,O00762,0.0909,1.481,0.223,1,2174.4815,129,1,1,0.1506,1
12767,-0.62,Sigma48_12mar09.7232.7232.2,K.ILGGSVLHLVLALRGG.G,Q15843.1,0.5,1.76,0.308,1,1574.9309,47,1,0,0.175,1
6629,-0.624,Sigma48_12mar09.3526.3526.3,K.RTNDLC[160.14]LLEYQDRDAKN.A,Reverse_P02787.2,0.2969,2.14,0.332,5,2124.2616,387,1,0,0.1551,-1
10409,-0.629,Sigma48_12mar09.5810.5810.2,K.LKAFLASPEYVNL.P,P09211.2,0.5833,1.835,0.2,1,1464.7252,132,1,0,0.109,1
11966,-0.638,Sigma48_12mar09.6750.6750.2,K.ALPGQLKPFETLL.S,P09211.2,0.4167,1.664,0.372,2,1426.7197,132,1,0,0.2236,1
2646,-0.645,Sigma48_12mar09.10983.10983.3,I.C[160.14]LDILKEKWSALYDVRTILLSIQSLL.G,O00762,0.04,0.232,0.013,3,3091.6484,129,0,0,0.056,1
